source_log,frame_index,frame_id,wall_time,wall_dt,time_s,pts_ns,dts_ns,duration_ns,size_bytes,inter_frame_gap_s,gap_event
/home/afetz/bas-prototype/logs/stage24_rf_stress_final_20260605T132014Z/video_rx.jsonl,33,33,1780665687.1284854,19.09013032913208,0.031889915466308594,19022928873,,200000000,460800,nan,False
/home/afetz/bas-prototype/logs/stage24_rf_stress_final_20260605T132014Z/video_rx.jsonl,34,34,1780665688.3619697,20.323614597320557,1.2653741836547852,20256308688,,200000000,460800,1.2334842681884766,True
/home/afetz/bas-prototype/logs/stage24_rf_stress_final_20260605T132014Z/video_rx.jsonl,35,35,1780665689.2851677,21.24681258201599,2.1885721683502197,21179555514,,200000000,460800,0.9231979846954346,True
/home/afetz/bas-prototype/logs/stage24_rf_stress_final_20260605T132014Z/video_rx.jsonl,36,36,1780665690.324372,22.286016941070557,3.227776527404785,21988132687,,200000000,460800,1.0392043590545654,True
/home/afetz/bas-prototype/logs/stage24_rf_stress_final_20260605T132014Z/video_rx.jsonl,37,37,1780665691.1317,23.093344926834106,4.035104513168335,23025863637,,200000000,460800,0.8073279857635498,True
/home/afetz/bas-prototype/logs/stage24_rf_stress_final_20260605T132014Z/video_rx.jsonl,38,38,1780665692.4014268,24.36307168006897,5.304831266403198,23949635540,,200000000,460800,1.2697267532348633,True
/home/afetz/bas-prototype/logs/stage24_rf_stress_final_20260605T132014Z/video_rx.jsonl,39,39,1780665693.0941,25.055744886398315,5.997504472732544,24988493934,,200000000,460800,0.6926732063293457,True
/home/afetz/bas-prototype/logs/stage24_rf_stress_final_20260605T132014Z/video_rx.jsonl,40,40,1780665694.0173066,25.978951454162598,6.920711040496826,25910441195,,200000000,460800,0.9232065677642822,True
/home/afetz/bas-prototype/logs/stage24_rf_stress_final_20260605T132014Z/video_rx.jsonl,41,41,1780665699.1150508,31.076695680618286,12.018455266952515,30662784977,,200000000,460800,5.0977442264556885,True
/home/afetz/bas-prototype/logs/stage24_rf_stress_final_20260605T132014Z/video_rx.jsonl,42,42,1780665700.850473,32.8121178150177,13.753877401351929,32744905486,,200000000,460800,1.735422134399414,True
/home/afetz/bas-prototype/logs/stage24_rf_stress_final_20260605T132014Z/video_rx.jsonl,43,43,1780665702.818483,34.78012800216675,15.721887588500977,34711977277,,200000000,460800,1.9680101871490479,True
/home/afetz/bas-prototype/logs/stage24_rf_stress_final_20260605T132014Z/video_rx.jsonl,44,44,1780665704.9012475,36.862892389297485,17.804651975631714,36564681548,,200000000,460800,2.0827643871307373,True
/home/afetz/bas-prototype/logs/stage24_rf_stress_final_20260605T132014Z/video_rx.jsonl,45,45,1780665705.7103474,37.67199230194092,18.613751888275146,37604846707,,200000000,460800,0.8090999126434326,True
/home/afetz/bas-prototype/logs/stage24_rf_stress_final_20260605T132014Z/video_rx.jsonl,46,46,1780665706.633914,38.595558881759644,19.537318468093872,38528420184,,200000000,460800,0.9235665798187256,True
/home/afetz/bas-prototype/logs/stage24_rf_stress_final_20260605T132014Z/video_rx.jsonl,47,47,1780665707.5583627,39.520007610321045,20.461767196655273,39452887948,,200000000,460800,0.9244487285614014,True
/home/afetz/bas-prototype/logs/stage24_rf_stress_final_20260605T132014Z/video_rx.jsonl,48,48,1780665708.5963624,40.55800724029541,21.49976682662964,40145259986,,200000000,460800,1.0379996299743652,True
/home/afetz/bas-prototype/logs/stage24_rf_stress_final_20260605T132014Z/video_rx.jsonl,49,49,1780665709.5191185,41.48076343536377,22.422523021697998,41183048724,,200000000,460800,0.9227561950683594,True
/home/afetz/bas-prototype/logs/stage24_rf_stress_final_20260605T132014Z/video_rx.jsonl,50,50,1780665715.1933432,47.154988050460815,28.096747636795044,47087415945,,200000000,460800,5.674224615097046,True
/home/afetz/bas-prototype/logs/stage24_rf_stress_final_20260605T132014Z/video_rx.jsonl,51,51,1780665726.5195515,58.48119640350342,39.42295598983765,58413993680,,200000000,460800,11.326208353042603,True
/home/afetz/bas-prototype/logs/stage24_rf_stress_final_20260605T132014Z/video_rx.jsonl,52,52,1780665731.382224,63.34386897087097,44.2856285572052,63276642515,,200000000,460800,4.862672567367554,True
/home/afetz/bas-prototype/logs/stage24_rf_stress_final_20260605T132014Z/video_rx.jsonl,53,53,1780665733.2355576,65.19720244407654,46.13896203041077,65129816984,,200000000,460800,1.8533334732055664,True
/home/afetz/bas-prototype/logs/stage24_rf_stress_final_20260605T132014Z/video_rx.jsonl,54,54,1780665735.317273,67.27891778945923,48.22067737579346,66749272200,,200000000,460800,2.0817153453826904,True
/home/afetz/bas-prototype/logs/stage24_rf_stress_final_20260605T132014Z/video_rx.jsonl,55,55,1780665737.170771,69.13241577148438,50.0741753578186,69064931930,,200000000,460800,1.8534979820251465,True
/home/afetz/bas-prototype/logs/stage24_rf_stress_final_20260605T132014Z/video_rx.jsonl,56,56,1780665738.0938895,70.05553436279297,50.9972939491272,69988424317,,200000000,460800,0.9231185913085938,True
/home/afetz/bas-prototype/logs/stage24_rf_stress_final_20260605T132014Z/video_rx.jsonl,57,57,1780665739.1321309,71.09377574920654,52.03553533554077,71026487270,,200000000,460800,1.0382413864135742,True
/home/afetz/bas-prototype/logs/stage24_rf_stress_final_20260605T132014Z/video_rx.jsonl,58,58,1780665740.0568013,72.01844620704651,52.96020579338074,71950950942,,200000000,460800,0.9246704578399658,True
/home/afetz/bas-prototype/logs/stage24_rf_stress_final_20260605T132014Z/video_rx.jsonl,59,59,1780665741.211797,73.17344188690186,54.115201473236084,72644155957,,200000000,460800,1.1549956798553467,True
/home/afetz/bas-prototype/logs/stage24_rf_stress_final_20260605T132014Z/video_rx.jsonl,60,60,1780665742.1397789,74.10142374038696,55.04318332672119,73682136523,,200000000,460800,0.9279818534851074,True
/home/afetz/bas-prototype/logs/stage24_rf_stress_final_20260605T132014Z/video_rx.jsonl,61,61,1780665742.942489,74.9041337966919,55.84589338302612,74490524055,,200000000,460800,0.8027100563049316,True
/home/afetz/bas-prototype/logs/stage24_rf_stress_final_20260605T132014Z/video_rx.jsonl,62,62,1780665747.8074706,79.76911544799805,60.710875034332275,79701884761,,200000000,460800,4.864981651306152,True
/home/afetz/bas-prototype/logs/stage24_rf_stress_final_20260605T132014Z/video_rx.jsonl,63,63,1780665749.6603663,81.62201118469238,62.56377077102661,81554111086,,200000000,460800,1.852895736694336,True
/home/afetz/bas-prototype/logs/stage24_rf_stress_final_20260605T132014Z/video_rx.jsonl,64,64,1780665751.6269028,83.588547706604,64.53030729293823,83521065514,,200000000,460800,1.966536521911621,True
/home/afetz/bas-prototype/logs/stage24_rf_stress_final_20260605T132014Z/video_rx.jsonl,65,65,1780665753.7113597,85.67300462722778,66.61476421356201,85374873714,,200000000,460800,2.0844569206237793,True
/home/afetz/bas-prototype/logs/stage24_rf_stress_final_20260605T132014Z/video_rx.jsonl,66,66,1780665754.5188508,86.48049569129944,67.42225527763367,86413281011,,200000000,460800,0.8074910640716553,True
/home/afetz/bas-prototype/logs/stage24_rf_stress_final_20260605T132014Z/video_rx.jsonl,67,67,1780665755.448842,87.41048693656921,68.35224652290344,87335968681,,200000000,460800,0.9299912452697754,True
/home/afetz/bas-prototype/logs/stage24_rf_stress_final_20260605T132014Z/video_rx.jsonl,68,68,1780665756.3688068,88.33045172691345,69.27221131324768,88259426908,,200000000,460800,0.9199647903442383,True
/home/afetz/bas-prototype/logs/stage24_rf_stress_final_20260605T132014Z/video_rx.jsonl,69,69,1780665757.2868512,89.24849605560303,70.19025564193726,89181254164,,200000000,460800,0.9180443286895752,True
/home/afetz/bas-prototype/logs/stage24_rf_stress_final_20260605T132014Z/video_rx.jsonl,70,70,1780665758.2142646,90.17590951919556,71.11766910552979,90103557882,,200000000,460800,0.9274134635925293,True
/home/afetz/bas-prototype/logs/stage24_rf_stress_final_20260605T132014Z/video_rx.jsonl,71,71,1780665759.1348846,91.09652948379517,72.0382890701294,91029009927,,200000000,460800,0.9206199645996094,True
/home/afetz/bas-prototype/logs/stage24_rf_stress_final_20260605T132014Z/video_rx.jsonl,72,72,1780665763.8653817,95.82702660560608,76.76878619194031,95527927604,,200000000,460800,4.730497121810913,True
/home/afetz/bas-prototype/logs/stage24_rf_stress_final_20260605T132014Z/video_rx.jsonl,73,73,1780665765.7179863,97.67963123321533,78.62139081954956,97265685603,,200000000,460800,1.852604627609253,True
/home/afetz/bas-prototype/logs/stage24_rf_stress_final_20260605T132014Z/video_rx.jsonl,74,74,1780665767.5723784,99.53402328491211,80.47578287124634,99466488143,,200000000,460800,1.8543920516967773,True
/home/afetz/bas-prototype/logs/stage24_rf_stress_final_20260605T132014Z/video_rx.jsonl,75,75,1780665769.53886,101.50050497055054,82.44226455688477,101433018231,,200000000,460800,1.9664816856384277,True
/home/afetz/bas-prototype/logs/stage24_rf_stress_final_20260605T132014Z/video_rx.jsonl,76,76,1780665770.4633508,102.42499566078186,83.36675524711609,102357758405,,200000000,460800,0.9244906902313232,True
/home/afetz/bas-prototype/logs/stage24_rf_stress_final_20260605T132014Z/video_rx.jsonl,77,77,1780665771.386081,103.3477258682251,84.28948545455933,103280369552,,200000000,460800,0.9227302074432373,True
/home/afetz/bas-prototype/logs/stage24_rf_stress_final_20260605T132014Z/video_rx.jsonl,78,78,1780665772.425038,104.38668298721313,85.32844257354736,104088679204,,200000000,460800,1.038957118988037,True
/home/afetz/bas-prototype/logs/stage24_rf_stress_final_20260605T132014Z/video_rx.jsonl,79,79,1780665773.233223,105.19486784934998,86.1366274356842,105127745316,,200000000,460800,0.8081848621368408,True
/home/afetz/bas-prototype/logs/stage24_rf_stress_final_20260605T132014Z/video_rx.jsonl,80,80,1780665774.3861783,106.34782314300537,87.2895827293396,105935324467,,200000000,460800,1.1529552936553955,True
/home/afetz/bas-prototype/logs/stage24_rf_stress_final_20260605T132014Z/video_rx.jsonl,81,81,1780665775.1937785,107.15542340278625,88.09718298912048,106857497187,,200000000,460800,0.8076002597808838,True
/home/afetz/bas-prototype/logs/stage24_rf_stress_final_20260605T132014Z/video_rx.jsonl,82,82,1780665779.9437542,111.90539908409119,92.84715867042542,111838142822,,200000000,460800,4.749975681304932,True
/home/afetz/bas-prototype/logs/stage24_rf_stress_final_20260605T132014Z/video_rx.jsonl,83,83,1780665781.5648313,113.52647614479065,94.46823573112488,113458400616,,200000000,460800,1.621077060699463,True
/home/afetz/bas-prototype/logs/stage24_rf_stress_final_20260605T132014Z/video_rx.jsonl,84,84,1780665783.532203,115.49384784698486,96.43560743331909,115426690347,,200000000,460800,1.9673717021942139,True
/home/afetz/bas-prototype/logs/stage24_rf_stress_final_20260605T132014Z/video_rx.jsonl,85,85,1780665785.484049,117.44569396972656,98.38745355606079,117378258161,,200000000,460800,1.9518461227416992,True
/home/afetz/bas-prototype/logs/stage24_rf_stress_final_20260605T132014Z/video_rx.jsonl,86,86,1780665786.393328,118.35497283935547,99.2967324256897,118287511732,,200000000,460800,0.9092788696289062,True
/home/afetz/bas-prototype/logs/stage24_rf_stress_final_20260605T132014Z/video_rx.jsonl,87,87,1780665787.2949302,119.25657510757446,100.19833469390869,119189353105,,200000000,460800,0.9016022682189941,True
/home/afetz/bas-prototype/logs/stage24_rf_stress_final_20260605T132014Z/video_rx.jsonl,88,88,1780665788.1927614,120.15440630912781,101.09616589546204,120087194508,,200000000,460800,0.8978312015533447,True
/home/afetz/bas-prototype/logs/stage24_rf_stress_final_20260605T132014Z/video_rx.jsonl,89,89,1780665789.0840557,121.04570055007935,101.98746013641357,120978521690,,200000000,460800,0.8912942409515381,True
/home/afetz/bas-prototype/logs/stage24_rf_stress_final_20260605T132014Z/video_rx.jsonl,90,90,1780665790.0798528,122.04149770736694,102.98325729370117,121643973859,,200000000,460800,0.9957971572875977,True
/home/afetz/bas-prototype/logs/stage24_rf_stress_final_20260605T132014Z/video_rx.jsonl,91,91,1780665790.8487105,122.81035542488098,103.75211501121521,122742574686,,200000000,460800,0.7688577175140381,True
/home/afetz/bas-prototype/logs/stage24_rf_stress_final_20260605T132014Z/video_rx.jsonl,92,92,1780665795.39451,127.35615491867065,108.29791450500488,127074073925,,200000000,460800,4.545799493789673,True
/home/afetz/bas-prototype/logs/stage24_rf_stress_final_20260605T132014Z/video_rx.jsonl,93,93,1780665796.9792147,128.94085955619812,109.88261914253235,128873033705,,200000000,460800,1.5847046375274658,True
/home/afetz/bas-prototype/logs/stage24_rf_stress_final_20260605T132014Z/video_rx.jsonl,94,94,1780665798.6550498,130.616694688797,111.55845427513123,130548942858,,200000000,460800,1.675835132598877,True
/home/afetz/bas-prototype/logs/stage24_rf_stress_final_20260605T132014Z/video_rx.jsonl,95,95,1780665800.7283742,132.6900191307068,113.63177871704102,132314309585,,200000000,460800,2.07332444190979,True
/home/afetz/bas-prototype/logs/stage24_rf_stress_final_20260605T132014Z/video_rx.jsonl,96,96,1780665801.3438995,133.3055443763733,114.24730396270752,133236711001,,200000000,460800,0.6155252456665039,True
/home/afetz/bas-prototype/logs/stage24_rf_stress_final_20260605T132014Z/video_rx.jsonl,97,97,1780665802.155457,134.1171019077301,115.05886149406433,134049602226,,200000000,460800,0.8115575313568115,True
/home/afetz/bas-prototype/logs/stage24_rf_stress_final_20260605T132014Z/video_rx.jsonl,98,98,1780665802.9644847,134.92612957954407,115.8678891658783,134858944402,,200000000,460800,0.8090276718139648,True
/home/afetz/bas-prototype/logs/stage24_rf_stress_final_20260605T132014Z/video_rx.jsonl,99,99,1780665803.766797,135.72844195365906,116.67020153999329,135661210598,,200000000,460800,0.8023123741149902,True
/home/afetz/bas-prototype/logs/stage24_rf_stress_final_20260605T132014Z/video_rx.jsonl,100,100,1780665804.5608163,136.52246117591858,117.46422076225281,136455283798,,200000000,460800,0.7940192222595215,True
/home/afetz/bas-prototype/logs/stage24_rf_stress_final_20260605T132014Z/video_rx.jsonl,101,101,1780665805.3539574,137.31560230255127,118.2573618888855,137247731659,,200000000,460800,0.7931411266326904,True
/home/afetz/bas-prototype/logs/stage24_rf_stress_final_20260605T132014Z/video_rx.jsonl,102,102,1780665809.3397975,141.30144238471985,122.24320197105408,141233542503,,200000000,460800,3.985840082168579,True
/home/afetz/bas-prototype/logs/stage24_rf_stress_final_20260605T132014Z/video_rx.jsonl,103,103,1780665810.8505607,142.8122055530548,123.75396513938904,142744874630,,200000000,460800,1.510763168334961,True
/home/afetz/bas-prototype/logs/stage24_rf_stress_final_20260605T132014Z/video_rx.jsonl,104,104,1780665812.2507155,144.21236038208008,125.1541199684143,144144252629,,200000000,460800,1.4001548290252686,True
/home/afetz/bas-prototype/logs/stage24_rf_stress_final_20260605T132014Z/video_rx.jsonl,105,105,1780665813.902037,145.8636817932129,126.80544137954712,145796119607,,200000000,460800,1.6513214111328125,True
/home/afetz/bas-prototype/logs/stage24_rf_stress_final_20260605T132014Z/video_rx.jsonl,106,106,1780665814.6238217,146.58546662330627,127.5272262096405,146518099968,,200000000,460800,0.7217848300933838,True
/home/afetz/bas-prototype/logs/stage24_rf_stress_final_20260605T132014Z/video_rx.jsonl,107,107,1780665815.3376787,147.29932355880737,128.2410831451416,147232103964,,200000000,460800,0.7138569355010986,True
/home/afetz/bas-prototype/logs/stage24_rf_stress_final_20260605T132014Z/video_rx.jsonl,108,108,1780665816.046633,148.0082778930664,128.95003747940063,147939877658,,200000000,460800,0.7089543342590332,True
/home/afetz/bas-prototype/logs/stage24_rf_stress_final_20260605T132014Z/video_rx.jsonl,109,109,1780665816.7480505,148.70969533920288,129.6514549255371,148642354446,,200000000,460800,0.7014174461364746,True
/home/afetz/bas-prototype/logs/stage24_rf_stress_final_20260605T132014Z/video_rx.jsonl,110,110,1780665817.446962,149.408607006073,130.35036659240723,149341360595,,200000000,460800,0.6989116668701172,True
/home/afetz/bas-prototype/logs/stage24_rf_stress_final_20260605T132014Z/video_rx.jsonl,111,111,1780665818.1406515,150.10229635238647,131.0440559387207,150034456971,,200000000,460800,0.6936893463134766,True
/home/afetz/bas-prototype/logs/stage24_rf_stress_final_20260605T132014Z/video_rx.jsonl,112,112,1780665821.6980486,153.65969347953796,134.6014530658722,153591442863,,200000000,460800,3.5573971271514893,True
/home/afetz/bas-prototype/logs/stage24_rf_stress_final_20260605T132014Z/video_rx.jsonl,113,113,1780665823.0884786,155.05012345314026,135.9918830394745,154980043891,,200000000,460800,1.390429973602295,True
/home/afetz/bas-prototype/logs/stage24_rf_stress_final_20260605T132014Z/video_rx.jsonl,114,114,1780665824.5583434,156.51998829841614,137.46174788475037,156452627712,,200000000,460800,1.469864845275879,True
/home/afetz/bas-prototype/logs/stage24_rf_stress_final_20260605T132014Z/video_rx.jsonl,115,115,1780665826.122793,158.08443784713745,139.02619743347168,158012335131,,200000000,460800,1.5644495487213135,True
/home/afetz/bas-prototype/logs/stage24_rf_stress_final_20260605T132014Z/video_rx.jsonl,116,116,1780665826.810729,158.77237391471863,139.71413350105286,158704796694,,200000000,460800,0.6879360675811768,True
/home/afetz/bas-prototype/logs/stage24_rf_stress_final_20260605T132014Z/video_rx.jsonl,117,117,1780665827.5012405,159.46288537979126,140.4046449661255,159395566769,,200000000,460800,0.6905114650726318,True
/home/afetz/bas-prototype/logs/stage24_rf_stress_final_20260605T132014Z/video_rx.jsonl,118,118,1780665828.1924846,160.15412950515747,141.0958890914917,160086558097,,200000000,460800,0.6912441253662109,True
/home/afetz/bas-prototype/logs/stage24_rf_stress_final_20260605T132014Z/video_rx.jsonl,119,119,1780665828.884344,160.84598898887634,141.78774857521057,160778720922,,200000000,460800,0.6918594837188721,True
/home/afetz/bas-prototype/logs/stage24_rf_stress_final_20260605T132014Z/video_rx.jsonl,120,120,1780665829.5752742,161.53691911697388,142.4786787033081,161469657902,,200000000,460800,0.6909301280975342,True
/home/afetz/bas-prototype/logs/stage24_rf_stress_final_20260605T132014Z/video_rx.jsonl,121,121,1780665830.2660673,162.22771215438843,143.16947174072266,162160220854,,200000000,460800,0.6907930374145508,True
/home/afetz/bas-prototype/logs/stage24_rf_stress_final_20260605T132014Z/video_rx.jsonl,122,122,1780665833.912006,165.87365078926086,146.8154103755951,165805438051,,200000000,460800,3.6459386348724365,True
/home/afetz/bas-prototype/logs/stage24_rf_stress_final_20260605T132014Z/video_rx.jsonl,123,123,1780665835.3000598,167.26170468330383,148.20346426963806,167194331885,,200000000,460800,1.3880538940429688,True
/home/afetz/bas-prototype/logs/stage24_rf_stress_final_20260605T132014Z/video_rx.jsonl,124,124,1780665836.9487762,168.91042113304138,149.8521807193756,168582794224,,200000000,460800,1.6487164497375488,True
/home/afetz/bas-prototype/logs/stage24_rf_stress_final_20260605T132014Z/video_rx.jsonl,125,125,1780665838.4244366,170.38608145713806,151.3278410434723,170318541590,,200000000,460800,1.4756603240966797,True
/home/afetz/bas-prototype/logs/stage24_rf_stress_final_20260605T132014Z/video_rx.jsonl,126,126,1780665839.1163282,171.0779731273651,152.01973271369934,171010505183,,200000000,460800,0.6918916702270508,True
/home/afetz/bas-prototype/logs/stage24_rf_stress_final_20260605T132014Z/video_rx.jsonl,127,127,1780665839.8083336,171.7699785232544,152.71173810958862,171702731157,,200000000,460800,0.6920053958892822,True
/home/afetz/bas-prototype/logs/stage24_rf_stress_final_20260605T132014Z/video_rx.jsonl,128,128,1780665840.499472,172.46111679077148,153.4028763771057,172392739363,,200000000,460800,0.6911382675170898,True
/home/afetz/bas-prototype/logs/stage24_rf_stress_final_20260605T132014Z/video_rx.jsonl,129,129,1780665841.1892009,173.1508457660675,154.09260535240173,173083589592,,200000000,460800,0.6897289752960205,True
/home/afetz/bas-prototype/logs/stage24_rf_stress_final_20260605T132014Z/video_rx.jsonl,130,130,1780665841.8812897,173.84293460845947,154.7846941947937,173775055808,,200000000,460800,0.6920888423919678,True
/home/afetz/bas-prototype/logs/stage24_rf_stress_final_20260605T132014Z/video_rx.jsonl,131,131,1780665842.5714164,174.53306126594543,155.47482085227966,174465808787,,200000000,460800,0.6901266574859619,True
/home/afetz/bas-prototype/logs/stage24_rf_stress_final_20260605T132014Z/video_rx.jsonl,132,132,1780665846.1348348,178.09647965431213,159.03823924064636,178028521491,,200000000,460800,3.563418388366699,True
/home/afetz/bas-prototype/logs/stage24_rf_stress_final_20260605T132014Z/video_rx.jsonl,133,133,1780665847.5221102,179.48375511169434,160.42551469802856,179416276809,,200000000,460800,1.3872754573822021,True
/home/afetz/bas-prototype/logs/stage24_rf_stress_final_20260605T132014Z/video_rx.jsonl,134,134,1780665848.996338,180.9579827785492,161.89974236488342,180890408485,,200000000,460800,1.4742276668548584,True
/home/afetz/bas-prototype/logs/stage24_rf_stress_final_20260605T132014Z/video_rx.jsonl,135,135,1780665850.5577426,182.5193874835968,163.46114706993103,182451950992,,200000000,460800,1.5614047050476074,True
/home/afetz/bas-prototype/logs/stage24_rf_stress_final_20260605T132014Z/video_rx.jsonl,136,136,1780665851.249488,183.21113300323486,164.1528925895691,183143497606,,200000000,460800,0.6917455196380615,True
/home/afetz/bas-prototype/logs/stage24_rf_stress_final_20260605T132014Z/video_rx.jsonl,137,137,1780665851.9410062,183.90265107154846,164.8444106578827,183835311651,,200000000,460800,0.6915180683135986,True
/home/afetz/bas-prototype/logs/stage24_rf_stress_final_20260605T132014Z/video_rx.jsonl,138,138,1780665852.6319377,184.59358263015747,165.5353422164917,184525919693,,200000000,460800,0.6909315586090088,True
/home/afetz/bas-prototype/logs/stage24_rf_stress_final_20260605T132014Z/video_rx.jsonl,139,139,1780665853.3227952,185.28444004058838,166.2261996269226,185217228510,,200000000,460800,0.6908574104309082,True
/home/afetz/bas-prototype/logs/stage24_rf_stress_final_20260605T132014Z/video_rx.jsonl,140,140,1780665854.0144472,185.97609210014343,166.91785168647766,185908771972,,200000000,460800,0.6916520595550537,True
/home/afetz/bas-prototype/logs/stage24_rf_stress_final_20260605T132014Z/video_rx.jsonl,141,141,1780665854.7065635,186.668208360672,167.60996794700623,186601021648,,200000000,460800,0.6921162605285645,True
/home/afetz/bas-prototype/logs/stage24_rf_stress_final_20260605T132014Z/video_rx.jsonl,142,142,1780665858.3519216,190.31356644630432,171.25532603263855,190245549956,,200000000,460800,3.645358085632324,True
/home/afetz/bas-prototype/logs/stage24_rf_stress_final_20260605T132014Z/video_rx.jsonl,143,143,1780665859.7391682,191.70081305503845,172.64257264137268,191632800311,,200000000,460800,1.3872466087341309,True
/home/afetz/bas-prototype/logs/stage24_rf_stress_final_20260605T132014Z/video_rx.jsonl,144,144,1780665861.213459,193.17510390281677,174.116863489151,193107643162,,200000000,460800,1.4742908477783203,True
/home/afetz/bas-prototype/logs/stage24_rf_stress_final_20260605T132014Z/video_rx.jsonl,145,145,1780665862.7767074,194.73835229873657,175.6801118850708,194669263388,,200000000,460800,1.5632483959197998,True
/home/afetz/bas-prototype/logs/stage24_rf_stress_final_20260605T132014Z/video_rx.jsonl,146,146,1780665863.4675012,195.42914605140686,176.3709056377411,195361825781,,200000000,460800,0.6907937526702881,True
/home/afetz/bas-prototype/logs/stage24_rf_stress_final_20260605T132014Z/video_rx.jsonl,147,147,1780665864.1594646,196.12110948562622,177.06286907196045,196053916941,,200000000,460800,0.6919634342193604,True
/home/afetz/bas-prototype/logs/stage24_rf_stress_final_20260605T132014Z/video_rx.jsonl,148,148,1780665864.849842,196.8114869594574,177.75324654579163,196744272445,,200000000,460800,0.6903774738311768,True
/home/afetz/bas-prototype/logs/stage24_rf_stress_final_20260605T132014Z/video_rx.jsonl,149,149,1780665865.5435438,197.505188703537,178.44694828987122,197437998097,,200000000,460800,0.6937017440795898,True
/home/afetz/bas-prototype/logs/stage24_rf_stress_final_20260605T132014Z/video_rx.jsonl,150,150,1780665866.2333515,198.1949963569641,179.13675594329834,198127801289,,200000000,460800,0.689807653427124,True
/home/afetz/bas-prototype/logs/stage24_rf_stress_final_20260605T132014Z/video_rx.jsonl,151,151,1780665866.9277065,198.88935136795044,179.83111095428467,198821615901,,200000000,460800,0.6943550109863281,True
/home/afetz/bas-prototype/logs/stage24_rf_stress_final_20260605T132014Z/video_rx.jsonl,152,152,1780665870.4863367,202.44798159599304,183.38974118232727,202379684824,,200000000,460800,3.5586302280426025,True
/home/afetz/bas-prototype/logs/stage24_rf_stress_final_20260605T132014Z/video_rx.jsonl,153,153,1780665871.8751147,203.83675956726074,184.77851915359497,203769066820,,200000000,460800,1.3887779712677002,True
/home/afetz/bas-prototype/logs/stage24_rf_stress_final_20260605T132014Z/video_rx.jsonl,154,154,1780665873.3494167,205.31106162071228,186.2528212070465,205243657955,,200000000,460800,1.474302053451538,True
/home/afetz/bas-prototype/logs/stage24_rf_stress_final_20260605T132014Z/video_rx.jsonl,155,155,1780665874.911739,206.87338399887085,187.81514358520508,206805700649,,200000000,460800,1.5623223781585693,True
/home/afetz/bas-prototype/logs/stage24_rf_stress_final_20260605T132014Z/video_rx.jsonl,156,156,1780665875.6036327,207.56527757644653,188.50703716278076,207497990816,,200000000,460800,0.6918935775756836,True
/home/afetz/bas-prototype/logs/stage24_rf_stress_final_20260605T132014Z/video_rx.jsonl,157,157,1780665876.296325,208.2579698562622,189.19972944259644,208190342920,,200000000,460800,0.6926922798156738,True
/home/afetz/bas-prototype/logs/stage24_rf_stress_final_20260605T132014Z/video_rx.jsonl,158,158,1780665876.9877164,208.9493613243103,189.89112091064453,208881102758,,200000000,460800,0.6913914680480957,True
/home/afetz/bas-prototype/logs/stage24_rf_stress_final_20260605T132014Z/video_rx.jsonl,159,159,1780665877.6771631,209.63880801200867,190.5805675983429,209571653159,,200000000,460800,0.6894466876983643,True
/home/afetz/bas-prototype/logs/stage24_rf_stress_final_20260605T132014Z/video_rx.jsonl,160,160,1780665878.459763,210.42140793800354,191.36316752433777,210348636575,,200000000,460800,0.782599925994873,True
/home/afetz/bas-prototype/logs/stage24_rf_stress_final_20260605T132014Z/video_rx.jsonl,161,161,1780665879.1451612,211.10680603981018,192.0485656261444,211039439941,,200000000,460800,0.6853981018066406,True
/home/afetz/bas-prototype/logs/stage24_rf_stress_final_20260605T132014Z/video_rx.jsonl,162,162,1780665882.7078998,214.66954469680786,195.6113042831421,214601191151,,200000000,460800,3.5627386569976807,True
/home/afetz/bas-prototype/logs/stage24_rf_stress_final_20260605T132014Z/video_rx.jsonl,163,163,1780665884.0958028,216.05744767189026,196.9992072582245,215989969874,,200000000,460800,1.3879029750823975,True
/home/afetz/bas-prototype/logs/stage24_rf_stress_final_20260605T132014Z/video_rx.jsonl,164,164,1780665885.5717456,217.53339052200317,198.4751501083374,217464089233,,200000000,460800,1.475942850112915,True
/home/afetz/bas-prototype/logs/stage24_rf_stress_final_20260605T132014Z/video_rx.jsonl,165,165,1780665887.1317196,219.0933644771576,200.03512406349182,219025943606,,200000000,460800,1.559973955154419,True
/home/afetz/bas-prototype/logs/stage24_rf_stress_final_20260605T132014Z/video_rx.jsonl,166,166,1780665887.8232176,219.78486251831055,200.72662210464478,219717583875,,200000000,460800,0.6914980411529541,True
/home/afetz/bas-prototype/logs/stage24_rf_stress_final_20260605T132014Z/video_rx.jsonl,167,167,1780665888.514257,220.4759018421173,201.41766142845154,220408755823,,200000000,460800,0.6910393238067627,True
/home/afetz/bas-prototype/logs/stage24_rf_stress_final_20260605T132014Z/video_rx.jsonl,168,168,1780665889.2060778,221.16772270202637,202.1094822883606,221100510642,,200000000,460800,0.6918208599090576,True
/home/afetz/bas-prototype/logs/stage24_rf_stress_final_20260605T132014Z/video_rx.jsonl,169,169,1780665889.8969524,221.85859727859497,202.8003568649292,221791255571,,200000000,460800,0.6908745765686035,True
/home/afetz/bas-prototype/logs/stage24_rf_stress_final_20260605T132014Z/video_rx.jsonl,170,170,1780665890.5882866,222.54993152618408,203.4916911125183,222482714436,,200000000,460800,0.6913342475891113,True
/home/afetz/bas-prototype/logs/stage24_rf_stress_final_20260605T132014Z/video_rx.jsonl,171,171,1780665891.2805512,223.24219608306885,204.18395566940308,223175015977,,200000000,460800,0.6922645568847656,True
/home/afetz/bas-prototype/logs/stage24_rf_stress_final_20260605T132014Z/video_rx.jsonl,172,172,1780665894.9284472,226.8900921344757,207.83185172080994,226821382335,,200000000,460800,3.6478960514068604,True
/home/afetz/bas-prototype/logs/stage24_rf_stress_final_20260605T132014Z/video_rx.jsonl,173,173,1780665896.3154125,228.2770574092865,209.21881699562073,228208878025,,200000000,460800,1.386965274810791,True
/home/afetz/bas-prototype/logs/stage24_rf_stress_final_20260605T132014Z/video_rx.jsonl,174,174,1780665897.8750236,229.83666849136353,210.77842807769775,229769204591,,200000000,460800,1.5596110820770264,True
/home/afetz/bas-prototype/logs/stage24_rf_stress_final_20260605T132014Z/video_rx.jsonl,175,175,1780665899.350941,231.31258583068848,212.2543454170227,231244696404,,200000000,460800,1.4759173393249512,True
/home/afetz/bas-prototype/logs/stage24_rf_stress_final_20260605T132014Z/video_rx.jsonl,176,176,1780665900.0413234,232.00296831130981,212.94472789764404,231935711173,,200000000,460800,0.6903824806213379,True
/home/afetz/bas-prototype/logs/stage24_rf_stress_final_20260605T132014Z/video_rx.jsonl,177,177,1780665900.73304,232.6946849822998,213.63644456863403,232627326289,,200000000,460800,0.6917166709899902,True
/home/afetz/bas-prototype/logs/stage24_rf_stress_final_20260605T132014Z/video_rx.jsonl,178,178,1780665901.42436,233.38600492477417,214.3277645111084,233318826057,,200000000,460800,0.6913199424743652,True
/home/afetz/bas-prototype/logs/stage24_rf_stress_final_20260605T132014Z/video_rx.jsonl,179,179,1780665902.1155605,234.0772054195404,215.01896500587463,234009785604,,200000000,460800,0.6912004947662354,True
/home/afetz/bas-prototype/logs/stage24_rf_stress_final_20260605T132014Z/video_rx.jsonl,180,180,1780665902.8064392,234.76808404922485,215.70984363555908,234700898975,,200000000,460800,0.6908786296844482,True
/home/afetz/bas-prototype/logs/stage24_rf_stress_final_20260605T132014Z/video_rx.jsonl,181,181,1780665903.4962978,235.4579427242279,216.39970231056213,235390718280,,200000000,460800,0.6898586750030518,True
/home/afetz/bas-prototype/logs/stage24_rf_stress_final_20260605T132014Z/video_rx.jsonl,182,182,1780665907.0564213,239.01806616783142,219.95982575416565,238949877017,,200000000,460800,3.5601234436035156,True
/home/afetz/bas-prototype/logs/stage24_rf_stress_final_20260605T132014Z/video_rx.jsonl,183,183,1780665908.4437418,240.40538668632507,221.3471462726593,240337836026,,200000000,460800,1.3873205184936523,True
/home/afetz/bas-prototype/logs/stage24_rf_stress_final_20260605T132014Z/video_rx.jsonl,184,184,1780665909.9185562,241.8802011013031,222.82196068763733,241812617672,,200000000,460800,1.4748144149780273,True
/home/afetz/bas-prototype/logs/stage24_rf_stress_final_20260605T132014Z/video_rx.jsonl,185,185,1780665911.391049,243.35269379615784,224.29445338249207,243285205332,,200000000,460800,1.4724926948547363,True
/home/afetz/bas-prototype/logs/stage24_rf_stress_final_20260605T132014Z/video_rx.jsonl,186,186,1780665912.0826375,244.04428243637085,224.98604202270508,243977126151,,200000000,460800,0.6915886402130127,True
/home/afetz/bas-prototype/logs/stage24_rf_stress_final_20260605T132014Z/video_rx.jsonl,187,187,1780665912.772869,244.73451399803162,225.67627358436584,244667009528,,200000000,460800,0.6902315616607666,True
/home/afetz/bas-prototype/logs/stage24_rf_stress_final_20260605T132014Z/video_rx.jsonl,188,188,1780665913.4621065,245.42375135421753,226.36551094055176,245356564856,,200000000,460800,0.6892373561859131,True
/home/afetz/bas-prototype/logs/stage24_rf_stress_final_20260605T132014Z/video_rx.jsonl,189,189,1780665914.1536052,246.11525011062622,227.05700969696045,246048019130,,200000000,460800,0.6914987564086914,True
/home/afetz/bas-prototype/logs/stage24_rf_stress_final_20260605T132014Z/video_rx.jsonl,190,190,1780665914.8456388,246.80728363990784,227.74904322624207,246739720758,,200000000,460800,0.6920335292816162,True
/home/afetz/bas-prototype/logs/stage24_rf_stress_final_20260605T132014Z/video_rx.jsonl,191,191,1780665915.5356624,247.49730730056763,228.43906688690186,247429424190,,200000000,460800,0.69002366065979,True
/home/afetz/bas-prototype/logs/stage24_rf_stress_final_20260605T132014Z/video_rx.jsonl,192,192,1780665919.1812572,251.142902135849,232.08466172218323,251074744910,,200000000,460800,3.645594835281372,True
/home/afetz/bas-prototype/logs/stage24_rf_stress_final_20260605T132014Z/video_rx.jsonl,193,193,1780665920.5723896,252.53403449058533,233.47579407691956,252465322768,,200000000,460800,1.3911323547363281,True
/home/afetz/bas-prototype/logs/stage24_rf_stress_final_20260605T132014Z/video_rx.jsonl,194,194,1780665921.9598315,253.92147636413574,234.86323595046997,253853829848,,200000000,460800,1.387441873550415,True
/home/afetz/bas-prototype/logs/stage24_rf_stress_final_20260605T132014Z/video_rx.jsonl,195,195,1780665923.5205355,255.48218035697937,236.4239399433136,255414392045,,200000000,460800,1.560703992843628,True
/home/afetz/bas-prototype/logs/stage24_rf_stress_final_20260605T132014Z/video_rx.jsonl,196,196,1780665924.2113774,256.17302227020264,237.11478185653687,256105756369,,200000000,460800,0.6908419132232666,True
/home/afetz/bas-prototype/logs/stage24_rf_stress_final_20260605T132014Z/video_rx.jsonl,197,197,1780665924.901708,256.86335277557373,237.80511236190796,256796093078,,200000000,460800,0.6903305053710938,True
/home/afetz/bas-prototype/logs/stage24_rf_stress_final_20260605T132014Z/video_rx.jsonl,198,198,1780665925.593414,257.55505895614624,238.49681854248047,257487882038,,200000000,460800,0.6917061805725098,True
/home/afetz/bas-prototype/logs/stage24_rf_stress_final_20260605T132014Z/video_rx.jsonl,199,199,1780665926.284531,258.2461760044098,239.18793559074402,258178959302,,200000000,460800,0.6911170482635498,True
/home/afetz/bas-prototype/logs/stage24_rf_stress_final_20260605T132014Z/video_rx.jsonl,200,200,1780665926.9762661,258.93791103363037,239.8796706199646,258870180600,,200000000,460800,0.691735029220581,True
/home/afetz/bas-prototype/logs/stage24_rf_stress_final_20260605T132014Z/video_rx.jsonl,201,201,1780665927.6667383,259.62838315963745,240.57014274597168,259561080748,,200000000,460800,0.6904721260070801,True
/home/afetz/bas-prototype/logs/stage24_rf_stress_final_20260605T132014Z/video_rx.jsonl,202,202,1780665931.3144376,263.27608251571655,244.21784210205078,263207799878,,200000000,460800,3.6476993560791016,True
/home/afetz/bas-prototype/logs/stage24_rf_stress_final_20260605T132014Z/video_rx.jsonl,203,203,1780665932.7024357,264.664080619812,245.60584020614624,264596468015,,200000000,460800,1.387998104095459,True
/home/afetz/bas-prototype/logs/stage24_rf_stress_final_20260605T132014Z/video_rx.jsonl,204,204,1780665934.2646267,266.2262716293335,247.16803121566772,266157658169,,200000000,460800,1.5621910095214844,True
/home/afetz/bas-prototype/logs/stage24_rf_stress_final_20260605T132014Z/video_rx.jsonl,205,205,1780665935.7378206,267.69946551322937,248.6412250995636,267632178407,,200000000,460800,1.473193883895874,True
/home/afetz/bas-prototype/logs/stage24_rf_stress_final_20260605T132014Z/video_rx.jsonl,206,206,1780665936.4300349,268.39167976379395,249.33343935012817,268322992823,,200000000,460800,0.6922142505645752,True
/home/afetz/bas-prototype/logs/stage24_rf_stress_final_20260605T132014Z/video_rx.jsonl,207,207,1780665937.1207838,269.08242869377136,250.0241882801056,269014494452,,200000000,460800,0.690748929977417,True
/home/afetz/bas-prototype/logs/stage24_rf_stress_final_20260605T132014Z/video_rx.jsonl,208,208,1780665937.8111098,269.77275466918945,250.71451425552368,269705562149,,200000000,460800,0.6903259754180908,True
/home/afetz/bas-prototype/logs/stage24_rf_stress_final_20260605T132014Z/video_rx.jsonl,209,209,1780665938.5017302,270.46337509155273,251.40513467788696,270396201942,,200000000,460800,0.6906204223632812,True
/home/afetz/bas-prototype/logs/stage24_rf_stress_final_20260605T132014Z/video_rx.jsonl,210,210,1780665939.1934187,271.1550636291504,252.09682321548462,271087747760,,200000000,460800,0.6916885375976562,True
/home/afetz/bas-prototype/logs/stage24_rf_stress_final_20260605T132014Z/video_rx.jsonl,211,211,1780665939.8843033,271.8459482192993,252.78770780563354,271778205873,,200000000,460800,0.6908845901489258,True
/home/afetz/bas-prototype/logs/stage24_rf_stress_final_20260605T132014Z/video_rx.jsonl,212,212,1780665943.5310786,275.4927234649658,256.43448305130005,275424495857,,200000000,460800,3.646775245666504,True
/home/afetz/bas-prototype/logs/stage24_rf_stress_final_20260605T132014Z/video_rx.jsonl,213,213,1780665944.9185011,276.8801460266113,257.82190561294556,276812677339,,200000000,460800,1.3874225616455078,True
/home/afetz/bas-prototype/logs/stage24_rf_stress_final_20260605T132014Z/video_rx.jsonl,214,214,1780665946.306165,278.2678098678589,259.2095694541931,278200434231,,200000000,460800,1.3876638412475586,True
/home/afetz/bas-prototype/logs/stage24_rf_stress_final_20260605T132014Z/video_rx.jsonl,215,215,1780665947.7819085,279.7435534000397,260.6853129863739,279675743222,,200000000,460800,1.4757435321807861,True
/home/afetz/bas-prototype/logs/stage24_rf_stress_final_20260605T132014Z/video_rx.jsonl,216,216,1780665948.473435,280.43507981300354,261.37683939933777,280367756822,,200000000,460800,0.6915264129638672,True
/home/afetz/bas-prototype/logs/stage24_rf_stress_final_20260605T132014Z/video_rx.jsonl,217,217,1780665949.1652079,281.1268527507782,262.0686123371124,281059535722,,200000000,460800,0.6917729377746582,True
/home/afetz/bas-prototype/logs/stage24_rf_stress_final_20260605T132014Z/video_rx.jsonl,218,218,1780665949.8560488,281.81769371032715,262.7594532966614,281750544450,,200000000,460800,0.6908409595489502,True
/home/afetz/bas-prototype/logs/stage24_rf_stress_final_20260605T132014Z/video_rx.jsonl,219,219,1780665950.5472276,282.5088725090027,263.4506320953369,282441386076,,200000000,460800,0.6911787986755371,True
/home/afetz/bas-prototype/logs/stage24_rf_stress_final_20260605T132014Z/video_rx.jsonl,220,220,1780665951.243679,283.20532393455505,264.1470835208893,283134789414,,200000000,460800,0.6964514255523682,True
/home/afetz/bas-prototype/logs/stage24_rf_stress_final_20260605T132014Z/video_rx.jsonl,221,221,1780665951.9293673,283.89101219177246,264.8327717781067,283823834537,,200000000,460800,0.6856882572174072,True
/home/afetz/bas-prototype/logs/stage24_rf_stress_final_20260605T132014Z/video_rx.jsonl,222,222,1780665955.4898062,287.4514510631561,268.39321064949036,287383243769,,200000000,460800,3.560438871383667,True
/home/afetz/bas-prototype/logs/stage24_rf_stress_final_20260605T132014Z/video_rx.jsonl,223,223,1780665956.8764668,288.8381116390228,269.77987122535706,288770520736,,200000000,460800,1.3866605758666992,True
/home/afetz/bas-prototype/logs/stage24_rf_stress_final_20260605T132014Z/video_rx.jsonl,224,224,1780665958.3493466,290.31099152565,271.25275111198425,290243282288,,200000000,460800,1.4728798866271973,True
/home/afetz/bas-prototype/logs/stage24_rf_stress_final_20260605T132014Z/video_rx.jsonl,225,225,1780665959.9093041,291.8709490299225,272.8127086162567,291803344479,,200000000,460800,1.559957504272461,True
/home/afetz/bas-prototype/logs/stage24_rf_stress_final_20260605T132014Z/video_rx.jsonl,226,226,1780665960.6008918,292.5625367164612,273.5042963027954,292495234215,,200000000,460800,0.6915876865386963,True
/home/afetz/bas-prototype/logs/stage24_rf_stress_final_20260605T132014Z/video_rx.jsonl,227,227,1780665961.2918296,293.25347447395325,274.1952340602875,293186082823,,200000000,460800,0.6909377574920654,True
/home/afetz/bas-prototype/logs/stage24_rf_stress_final_20260605T132014Z/video_rx.jsonl,228,228,1780665961.9827225,293.94436740875244,274.88612699508667,293876960966,,200000000,460800,0.6908929347991943,True
/home/afetz/bas-prototype/logs/stage24_rf_stress_final_20260605T132014Z/video_rx.jsonl,229,229,1780665962.6749015,294.6365463733673,275.57830595970154,294568991611,,200000000,460800,0.6921789646148682,True
/home/afetz/bas-prototype/logs/stage24_rf_stress_final_20260605T132014Z/video_rx.jsonl,230,230,1780665963.365299,295.32694387435913,276.26870346069336,295259624890,,200000000,460800,0.6903975009918213,True
/home/afetz/bas-prototype/logs/stage24_rf_stress_final_20260605T132014Z/video_rx.jsonl,231,231,1780665964.0565124,296.01815724372864,276.95991683006287,295950726682,,200000000,460800,0.6912133693695068,True
/home/afetz/bas-prototype/logs/stage24_rf_stress_final_20260605T132014Z/video_rx.jsonl,232,232,1780665967.6187143,299.58035922050476,280.522118806839,299512180842,,200000000,460800,3.562201976776123,True
/home/afetz/bas-prototype/logs/stage24_rf_stress_final_20260605T132014Z/video_rx.jsonl,233,233,1780665969.0049393,300.96658420562744,281.90834379196167,300899088037,,200000000,460800,1.3862249851226807,True
/home/afetz/bas-prototype/logs/stage24_rf_stress_final_20260605T132014Z/video_rx.jsonl,234,234,1780665970.4795873,302.44123220443726,283.3829917907715,302373578309,,200000000,460800,1.4746479988098145,True
/home/afetz/bas-prototype/logs/stage24_rf_stress_final_20260605T132014Z/video_rx.jsonl,235,235,1780665972.0396464,304.0012912750244,284.94305086135864,303933225466,,200000000,460800,1.5600590705871582,True
/home/afetz/bas-prototype/logs/stage24_rf_stress_final_20260605T132014Z/video_rx.jsonl,236,236,1780665972.730143,304.69178795814514,285.63354754447937,304624543754,,200000000,460800,0.6904966831207275,True
/home/afetz/bas-prototype/logs/stage24_rf_stress_final_20260605T132014Z/video_rx.jsonl,237,237,1780665973.4213881,305.38303303718567,286.3247926235199,305315377054,,200000000,460800,0.6912450790405273,True
/home/afetz/bas-prototype/logs/stage24_rf_stress_final_20260605T132014Z/video_rx.jsonl,238,238,1780665974.1965833,306.1582281589508,287.09998774528503,305918693897,,200000000,460800,0.7751951217651367,True
/home/afetz/bas-prototype/logs/stage24_rf_stress_final_20260605T132014Z/video_rx.jsonl,239,239,1780665974.8011065,306.7627513408661,287.7045109272003,306695544721,,200000000,460800,0.6045231819152832,True
/home/afetz/bas-prototype/logs/stage24_rf_stress_final_20260605T132014Z/video_rx.jsonl,240,240,1780665975.4933333,307.45497822761536,288.3967378139496,307387617729,,200000000,460800,0.6922268867492676,True
/home/afetz/bas-prototype/logs/stage24_rf_stress_final_20260605T132014Z/video_rx.jsonl,241,241,1780665976.1831214,308.144766330719,289.0865259170532,308077403750,,200000000,460800,0.6897881031036377,True
/home/afetz/bas-prototype/logs/stage24_rf_stress_final_20260605T132014Z/video_rx.jsonl,242,242,1780665979.8313432,311.7929880619049,292.73474764823914,311724807362,,200000000,460800,3.648221731185913,True
/home/afetz/bas-prototype/logs/stage24_rf_stress_final_20260605T132014Z/video_rx.jsonl,243,243,1780665981.2210395,313.1826844215393,294.12444400787354,313114844454,,200000000,460800,1.3896963596343994,True
/home/afetz/bas-prototype/logs/stage24_rf_stress_final_20260605T132014Z/video_rx.jsonl,244,244,1780665982.7784464,314.74009132385254,295.68185091018677,314672560446,,200000000,460800,1.5574069023132324,True
/home/afetz/bas-prototype/logs/stage24_rf_stress_final_20260605T132014Z/video_rx.jsonl,245,245,1780665984.251429,316.21307396888733,297.15483355522156,316145466316,,200000000,460800,1.47298264503479,True
/home/afetz/bas-prototype/logs/stage24_rf_stress_final_20260605T132014Z/video_rx.jsonl,246,246,1780665984.942139,316.9037837982178,297.845543384552,316836615718,,200000000,460800,0.6907098293304443,True
/home/afetz/bas-prototype/logs/stage24_rf_stress_final_20260605T132014Z/video_rx.jsonl,247,247,1780665985.6344602,317.59610509872437,298.5378646850586,317528849993,,200000000,460800,0.6923213005065918,True
/home/afetz/bas-prototype/logs/stage24_rf_stress_final_20260605T132014Z/video_rx.jsonl,248,248,1780665986.3247902,318.2864351272583,299.22819471359253,318219223352,,200000000,460800,0.6903300285339355,True
/home/afetz/bas-prototype/logs/stage24_rf_stress_final_20260605T132014Z/video_rx.jsonl,249,249,1780665987.0162745,318.97791934013367,299.9196789264679,318910729765,,200000000,460800,0.6914842128753662,True
/home/afetz/bas-prototype/logs/stage24_rf_stress_final_20260605T132014Z/video_rx.jsonl,250,250,1780665987.7063038,319.66794872283936,300.6097083091736,319600760408,,200000000,460800,0.6900293827056885,True
/home/afetz/bas-prototype/logs/stage24_rf_stress_final_20260605T132014Z/video_rx.jsonl,251,251,1780665988.3996944,320.3613393306732,301.30309891700745,320292463453,,200000000,460800,0.6933906078338623,True
/home/afetz/bas-prototype/logs/stage24_rf_stress_final_20260605T132014Z/video_rx.jsonl,252,252,1780665992.113937,324.0755817890167,305.01734137535095,324007362876,,200000000,460800,3.714242458343506,True
/home/afetz/bas-prototype/logs/stage24_rf_stress_final_20260605T132014Z/video_rx.jsonl,253,253,1780665993.569497,325.53114199638367,306.4729015827179,325463266160,,200000000,460800,1.4555602073669434,True
/home/afetz/bas-prototype/logs/stage24_rf_stress_final_20260605T132014Z/video_rx.jsonl,254,254,1780665995.0560207,327.01766562461853,307.95942521095276,326950208012,,200000000,460800,1.4865236282348633,True
/home/afetz/bas-prototype/logs/stage24_rf_stress_final_20260605T132014Z/video_rx.jsonl,255,255,1780665996.6679275,328.62957239151,309.57133197784424,328561846853,,200000000,460800,1.6119067668914795,True
/home/afetz/bas-prototype/logs/stage24_rf_stress_final_20260605T132014Z/video_rx.jsonl,256,256,1780665997.4324455,329.39409041404724,310.33585000038147,329326781727,,200000000,460800,0.7645180225372314,True
/home/afetz/bas-prototype/logs/stage24_rf_stress_final_20260605T132014Z/video_rx.jsonl,257,257,1780665998.2039316,330.1655764579773,311.1073360443115,330096712650,,200000000,460800,0.7714860439300537,True
/home/afetz/bas-prototype/logs/stage24_rf_stress_final_20260605T132014Z/video_rx.jsonl,258,258,1780665998.978028,330.93967294692993,311.88143253326416,330872525568,,200000000,460800,0.7740964889526367,True
/home/afetz/bas-prototype/logs/stage24_rf_stress_final_20260605T132014Z/video_rx.jsonl,259,259,1780665999.7605522,331.72219705581665,312.6639566421509,331655014114,,200000000,460800,0.7825241088867188,True
/home/afetz/bas-prototype/logs/stage24_rf_stress_final_20260605T132014Z/video_rx.jsonl,260,260,1780666000.5535736,332.51521849632263,313.45697808265686,332447712427,,200000000,460800,0.7930214405059814,True
/home/afetz/bas-prototype/logs/stage24_rf_stress_final_20260605T132014Z/video_rx.jsonl,261,261,1780666001.3485196,333.3101644515991,314.25192403793335,333243040218,,200000000,460800,0.7949459552764893,True
/home/afetz/bas-prototype/logs/stage24_rf_stress_final_20260605T132014Z/video_rx.jsonl,262,262,1780666005.6328824,337.59452724456787,318.5362868309021,337527269814,,200000000,460800,4.28436279296875,True
/home/afetz/bas-prototype/logs/stage24_rf_stress_final_20260605T132014Z/video_rx.jsonl,263,263,1780666007.2805164,339.2421612739563,320.1839208602905,339174622446,,200000000,460800,1.6476340293884277,True
/home/afetz/bas-prototype/logs/stage24_rf_stress_final_20260605T132014Z/video_rx.jsonl,264,264,1780666009.033179,340.9948239326477,321.93658351898193,340927326149,,200000000,460800,1.7526626586914062,True
/home/afetz/bas-prototype/logs/stage24_rf_stress_final_20260605T132014Z/video_rx.jsonl,265,265,1780666010.7923646,342.75400948524475,323.695769071579,342686835962,,200000000,460800,1.759185552597046,True
/home/afetz/bas-prototype/logs/stage24_rf_stress_final_20260605T132014Z/video_rx.jsonl,266,266,1780666011.619814,343.5814588069916,324.5232183933258,343514245629,,200000000,460800,0.8274493217468262,True
/home/afetz/bas-prototype/logs/stage24_rf_stress_final_20260605T132014Z/video_rx.jsonl,267,267,1780666012.4473057,344.4089505672455,325.3507101535797,344341418497,,200000000,460800,0.8274917602539062,True
/home/afetz/bas-prototype/logs/stage24_rf_stress_final_20260605T132014Z/video_rx.jsonl,268,268,1780666013.2742896,345.2359344959259,326.17769408226013,345168661432,,200000000,460800,0.8269839286804199,True
/home/afetz/bas-prototype/logs/stage24_rf_stress_final_20260605T132014Z/video_rx.jsonl,269,269,1780666014.1020792,346.0637240409851,327.00548362731934,345996462873,,200000000,460800,0.8277895450592041,True
/home/afetz/bas-prototype/logs/stage24_rf_stress_final_20260605T132014Z/video_rx.jsonl,270,270,1780666014.9357097,346.8973546028137,327.83911418914795,346826478809,,200000000,460800,0.8336305618286133,True
/home/afetz/bas-prototype/logs/stage24_rf_stress_final_20260605T132014Z/video_rx.jsonl,271,271,1780666015.7575643,347.71920919418335,328.6609687805176,347651916746,,200000000,460800,0.8218545913696289,True
/home/afetz/bas-prototype/logs/stage24_rf_stress_final_20260605T132014Z/video_rx.jsonl,272,272,1780666020.014346,351.9759907722473,332.91775035858154,351908000071,,200000000,460800,4.256781578063965,True
/home/afetz/bas-prototype/logs/stage24_rf_stress_final_20260605T132014Z/video_rx.jsonl,273,273,1780666021.6708202,353.63246512413025,334.5742247104645,353565055728,,200000000,460800,1.6564743518829346,True
/home/afetz/bas-prototype/logs/stage24_rf_stress_final_20260605T132014Z/video_rx.jsonl,274,274,1780666023.4357567,355.3974015712738,336.33916115760803,355327609832,,200000000,460800,1.7649364471435547,True
/home/afetz/bas-prototype/logs/stage24_rf_stress_final_20260605T132014Z/video_rx.jsonl,275,275,1780666025.197531,357.15917587280273,338.10093545913696,357091309638,,200000000,460800,1.7617743015289307,True
/home/afetz/bas-prototype/logs/stage24_rf_stress_final_20260605T132014Z/video_rx.jsonl,276,276,1780666026.024237,357.9858818054199,338.92764139175415,357918360856,,200000000,460800,0.8267059326171875,True
/home/afetz/bas-prototype/logs/stage24_rf_stress_final_20260605T132014Z/video_rx.jsonl,277,277,1780666026.850044,358.8116888999939,339.7534484863281,358744493945,,200000000,460800,0.8258070945739746,True
/home/afetz/bas-prototype/logs/stage24_rf_stress_final_20260605T132014Z/video_rx.jsonl,278,278,1780666027.6777232,359.639368057251,340.5811276435852,359571924136,,200000000,460800,0.8276791572570801,True
/home/afetz/bas-prototype/logs/stage24_rf_stress_final_20260605T132014Z/video_rx.jsonl,279,279,1780666028.5056632,360.4673080444336,341.4090676307678,360400043855,,200000000,460800,0.8279399871826172,True
/home/afetz/bas-prototype/logs/stage24_rf_stress_final_20260605T132014Z/video_rx.jsonl,280,280,1780666029.3339477,361.295592546463,342.23735213279724,361228216555,,200000000,460800,0.828284502029419,True
/home/afetz/bas-prototype/logs/stage24_rf_stress_final_20260605T132014Z/video_rx.jsonl,281,281,1780666030.1614017,362.1230466365814,343.06480622291565,362055808873,,200000000,460800,0.8274540901184082,True
/home/afetz/bas-prototype/logs/stage24_rf_stress_final_20260605T132014Z/video_rx.jsonl,282,282,1780666034.4170325,366.37867736816406,347.3204369544983,366311437075,,200000000,460800,4.255630731582642,True
/home/afetz/bas-prototype/logs/stage24_rf_stress_final_20260605T132014Z/video_rx.jsonl,283,283,1780666036.0785506,368.0401954650879,348.9819550514221,367972783558,,200000000,460800,1.6615180969238281,True
/home/afetz/bas-prototype/logs/stage24_rf_stress_final_20260605T132014Z/video_rx.jsonl,284,284,1780666037.7389617,369.70060658454895,350.6423661708832,369633187093,,200000000,460800,1.6604111194610596,True
/home/afetz/bas-prototype/logs/stage24_rf_stress_final_20260605T132014Z/video_rx.jsonl,285,285,1780666039.503105,371.46474981307983,352.40650939941406,371397468578,,200000000,460800,1.7641432285308838,True
/home/afetz/bas-prototype/logs/stage24_rf_stress_final_20260605T132014Z/video_rx.jsonl,286,286,1780666040.434145,372.3957898616791,353.3375494480133,372121512200,,200000000,460800,0.9310400485992432,True
/home/afetz/bas-prototype/logs/stage24_rf_stress_final_20260605T132014Z/video_rx.jsonl,287,287,1780666041.1571426,373.11878752708435,354.0605471134186,373051626753,,200000000,460800,0.7229976654052734,True
/home/afetz/bas-prototype/logs/stage24_rf_stress_final_20260605T132014Z/video_rx.jsonl,288,288,1780666041.9831758,373.9448206424713,354.88658022880554,373877581930,,200000000,460800,0.8260331153869629,True
/home/afetz/bas-prototype/logs/stage24_rf_stress_final_20260605T132014Z/video_rx.jsonl,289,289,1780666042.8103998,374.7720446586609,355.7138042449951,374704836011,,200000000,460800,0.8272240161895752,True
/home/afetz/bas-prototype/logs/stage24_rf_stress_final_20260605T132014Z/video_rx.jsonl,290,290,1780666043.63857,375.6002149581909,356.54197454452515,375531920422,,200000000,460800,0.8281702995300293,True
/home/afetz/bas-prototype/logs/stage24_rf_stress_final_20260605T132014Z/video_rx.jsonl,291,291,1780666044.5681937,376.5298385620117,357.47159814834595,376255052064,,200000000,460800,0.9296236038208008,True
/home/afetz/bas-prototype/logs/stage24_rf_stress_final_20260605T132014Z/video_rx.jsonl,292,292,1780666048.7246876,380.68633246421814,361.62809205055237,380618169733,,200000000,460800,4.156493902206421,True
/home/afetz/bas-prototype/logs/stage24_rf_stress_final_20260605T132014Z/video_rx.jsonl,293,293,1780666050.3824656,382.3441104888916,363.28587007522583,382276461030,,200000000,460800,1.657778024673462,True
/home/afetz/bas-prototype/logs/stage24_rf_stress_final_20260605T132014Z/video_rx.jsonl,294,294,1780666052.144651,384.1062958240509,365.04805541038513,384038842882,,200000000,460800,1.7621853351593018,True
/home/afetz/bas-prototype/logs/stage24_rf_stress_final_20260605T132014Z/video_rx.jsonl,295,295,1780666054.0142343,385.9758791923523,366.9176387786865,385908729390,,200000000,460800,1.8695833683013916,True
/home/afetz/bas-prototype/logs/stage24_rf_stress_final_20260605T132014Z/video_rx.jsonl,296,296,1780666054.8411665,386.80281138420105,367.7445709705353,386735337801,,200000000,460800,0.8269321918487549,True
/home/afetz/bas-prototype/logs/stage24_rf_stress_final_20260605T132014Z/video_rx.jsonl,297,297,1780666055.667393,387.62903785705566,368.5707974433899,387561805996,,200000000,460800,0.8262264728546143,True
/home/afetz/bas-prototype/logs/stage24_rf_stress_final_20260605T132014Z/video_rx.jsonl,298,298,1780666056.5974767,388.55912160873413,369.50088119506836,388491930739,,200000000,460800,0.9300837516784668,True
/home/afetz/bas-prototype/logs/stage24_rf_stress_final_20260605T132014Z/video_rx.jsonl,299,299,1780666057.4247212,389.3863661289215,370.32812571525574,389319177582,,200000000,460800,0.8272445201873779,True
/home/afetz/bas-prototype/logs/stage24_rf_stress_final_20260605T132014Z/video_rx.jsonl,300,300,1780666058.2527068,390.21435165405273,371.15611124038696,390147041576,,200000000,460800,0.8279855251312256,True
/home/afetz/bas-prototype/logs/stage24_rf_stress_final_20260605T132014Z/video_rx.jsonl,301,301,1780666059.1824005,391.1440453529358,372.08580493927,390870036633,,200000000,460800,0.9296936988830566,True
/home/afetz/bas-prototype/logs/stage24_rf_stress_final_20260605T132014Z/video_rx.jsonl,302,302,1780666063.337286,395.2989308834076,376.2406904697418,395231436064,,200000000,460800,4.154885530471802,True
/home/afetz/bas-prototype/logs/stage24_rf_stress_final_20260605T132014Z/video_rx.jsonl,303,303,1780666064.9966822,396.9583270549774,377.90008664131165,396891028029,,200000000,460800,1.6593961715698242,True
/home/afetz/bas-prototype/logs/stage24_rf_stress_final_20260605T132014Z/video_rx.jsonl,304,304,1780666066.6581185,398.6197633743286,379.56152296066284,398552063383,,200000000,460800,1.6614363193511963,True
/home/afetz/bas-prototype/logs/stage24_rf_stress_final_20260605T132014Z/video_rx.jsonl,305,305,1780666068.422817,400.3844618797302,381.32622146606445,400316869039,,200000000,460800,1.7646985054016113,True
/home/afetz/bas-prototype/logs/stage24_rf_stress_final_20260605T132014Z/video_rx.jsonl,306,306,1780666069.249361,401.2110059261322,382.15276551246643,401143844081,,200000000,460800,0.8265440464019775,True
/home/afetz/bas-prototype/logs/stage24_rf_stress_final_20260605T132014Z/video_rx.jsonl,307,307,1780666070.179007,402.14065194129944,383.08241152763367,401867011952,,200000000,460800,0.9296460151672363,True
/home/afetz/bas-prototype/logs/stage24_rf_stress_final_20260605T132014Z/video_rx.jsonl,308,308,1780666070.9034638,402.8651087284088,383.80686831474304,402797797363,,200000000,460800,0.724456787109375,True
/home/afetz/bas-prototype/logs/stage24_rf_stress_final_20260605T132014Z/video_rx.jsonl,309,309,1780666071.7309713,403.69261622428894,384.63437581062317,403625459243,,200000000,460800,0.827507495880127,True
/home/afetz/bas-prototype/logs/stage24_rf_stress_final_20260605T132014Z/video_rx.jsonl,310,310,1780666072.6055782,404.567223072052,385.50898265838623,404499887979,,200000000,460800,0.8746068477630615,True
/home/afetz/bas-prototype/logs/stage24_rf_stress_final_20260605T132014Z/video_rx.jsonl,311,311,1780666073.3848202,405.3464651107788,386.28822469711304,405279165332,,200000000,460800,0.7792420387268066,True
/home/afetz/bas-prototype/logs/stage24_rf_stress_final_20260605T132014Z/video_rx.jsonl,312,312,1780666077.6414497,409.6030945777893,390.54485416412354,409535176674,,200000000,460800,4.256629467010498,True
/home/afetz/bas-prototype/logs/stage24_rf_stress_final_20260605T132014Z/video_rx.jsonl,313,313,1780666079.3018591,411.2635040283203,392.20526361465454,411196110221,,200000000,460800,1.6604094505310059,True
/home/afetz/bas-prototype/logs/stage24_rf_stress_final_20260605T132014Z/video_rx.jsonl,314,314,1780666080.9611495,412.922794342041,393.86455392837524,412855464827,,200000000,460800,1.6592903137207031,True
/home/afetz/bas-prototype/logs/stage24_rf_stress_final_20260605T132014Z/video_rx.jsonl,315,315,1780666082.7247455,414.68639039993286,395.6281499862671,414619042682,,200000000,460800,1.7635960578918457,True
/home/afetz/bas-prototype/logs/stage24_rf_stress_final_20260605T132014Z/video_rx.jsonl,316,316,1780666083.5562282,415.51787304878235,396.4596326351166,415450653914,,200000000,460800,0.8314826488494873,True
/home/afetz/bas-prototype/logs/stage24_rf_stress_final_20260605T132014Z/video_rx.jsonl,317,317,1780666084.3791811,416.3408260345459,397.2825856208801,416273477041,,200000000,460800,0.8229529857635498,True
/home/afetz/bas-prototype/logs/stage24_rf_stress_final_20260605T132014Z/video_rx.jsonl,318,318,1780666085.2072926,417.1689374446869,398.1106970310211,417101567206,,200000000,460800,0.8281114101409912,True
/home/afetz/bas-prototype/logs/stage24_rf_stress_final_20260605T132014Z/video_rx.jsonl,319,319,1780666086.0337057,417.99535059928894,398.93711018562317,417927922071,,200000000,460800,0.8264131546020508,True
/home/afetz/bas-prototype/logs/stage24_rf_stress_final_20260605T132014Z/video_rx.jsonl,320,320,1780666086.8605218,418.8221666812897,399.7639262676239,418754910986,,200000000,460800,0.8268160820007324,True
/home/afetz/bas-prototype/logs/stage24_rf_stress_final_20260605T132014Z/video_rx.jsonl,321,321,1780666087.6873748,419.64901971817017,400.5907793045044,419581788602,,200000000,460800,0.8268530368804932,True
/home/afetz/bas-prototype/logs/stage24_rf_stress_final_20260605T132014Z/video_rx.jsonl,322,322,1780666092.1513145,424.1129593849182,405.05471897125244,424045041805,,200000000,460800,4.463939666748047,True
/home/afetz/bas-prototype/logs/stage24_rf_stress_final_20260605T132014Z/video_rx.jsonl,323,323,1780666093.809606,425.77125096321106,406.7130105495453,425703729723,,200000000,460800,1.6582915782928467,True
/home/afetz/bas-prototype/logs/stage24_rf_stress_final_20260605T132014Z/video_rx.jsonl,324,324,1780666095.4691336,427.43077850341797,408.3725380897522,427363458846,,200000000,460800,1.6595275402069092,True
/home/afetz/bas-prototype/logs/stage24_rf_stress_final_20260605T132014Z/video_rx.jsonl,325,325,1780666097.2323585,429.19400334358215,410.1357629299164,429126431968,,200000000,460800,1.7632248401641846,True
/home/afetz/bas-prototype/logs/stage24_rf_stress_final_20260605T132014Z/video_rx.jsonl,326,326,1780666098.0591593,430.0208041667938,410.96256375312805,429953653978,,200000000,460800,0.8268008232116699,True
/home/afetz/bas-prototype/logs/stage24_rf_stress_final_20260605T132014Z/video_rx.jsonl,327,327,1780666098.8867223,430.8483672142029,411.7901268005371,430781133820,,200000000,460800,0.8275630474090576,True
/home/afetz/bas-prototype/logs/stage24_rf_stress_final_20260605T132014Z/video_rx.jsonl,328,328,1780666099.713889,431.6755337715149,412.6172933578491,431608357551,,200000000,460800,0.8271665573120117,True
/home/afetz/bas-prototype/logs/stage24_rf_stress_final_20260605T132014Z/video_rx.jsonl,329,329,1780666100.5434134,432.5050582885742,413.44681787490845,432437737914,,200000000,460800,0.8295245170593262,True
/home/afetz/bas-prototype/logs/stage24_rf_stress_final_20260605T132014Z/video_rx.jsonl,330,330,1780666101.4743042,433.43594908714294,414.3777086734772,433162065877,,200000000,460800,0.9308907985687256,True
/home/afetz/bas-prototype/logs/stage24_rf_stress_final_20260605T132014Z/video_rx.jsonl,331,331,1780666102.198453,434.1600978374481,415.10185742378235,434092921638,,200000000,460800,0.7241487503051758,True
/home/afetz/bas-prototype/logs/stage24_rf_stress_final_20260605T132014Z/video_rx.jsonl,332,332,1780666106.4563792,438.41802406311035,419.3597836494446,438350504236,,200000000,460800,4.2579262256622314,True
/home/afetz/bas-prototype/logs/stage24_rf_stress_final_20260605T132014Z/video_rx.jsonl,333,333,1780666108.1164222,440.0780670642853,421.0198266506195,440010471678,,200000000,460800,1.6600430011749268,True
/home/afetz/bas-prototype/logs/stage24_rf_stress_final_20260605T132014Z/video_rx.jsonl,334,334,1780666109.983397,441.9450418949127,422.88680148124695,441877553817,,200000000,460800,1.8669748306274414,True
/home/afetz/bas-prototype/logs/stage24_rf_stress_final_20260605T132014Z/video_rx.jsonl,335,335,1780666111.7482276,443.70987248420715,424.6516320705414,443642435136,,200000000,460800,1.7648305892944336,True
/home/afetz/bas-prototype/logs/stage24_rf_stress_final_20260605T132014Z/video_rx.jsonl,336,336,1780666112.5761354,444.5377802848816,425.4795398712158,444470539146,,200000000,460800,0.8279078006744385,True
/home/afetz/bas-prototype/logs/stage24_rf_stress_final_20260605T132014Z/video_rx.jsonl,337,337,1780666113.4029906,445.3646354675293,426.3063950538635,445297400176,,200000000,460800,0.8268551826477051,True
/home/afetz/bas-prototype/logs/stage24_rf_stress_final_20260605T132014Z/video_rx.jsonl,338,338,1780666114.2294915,446.19113636016846,427.1328959465027,446123711017,,200000000,460800,0.8265008926391602,True
/home/afetz/bas-prototype/logs/stage24_rf_stress_final_20260605T132014Z/video_rx.jsonl,339,339,1780666115.0561712,447.01781606674194,427.9595756530762,446950520532,,200000000,460800,0.8266797065734863,True
/home/afetz/bas-prototype/logs/stage24_rf_stress_final_20260605T132014Z/video_rx.jsonl,340,340,1780666115.9873424,447.9489872455597,428.8907468318939,447674497894,,200000000,460800,0.931171178817749,True
/home/afetz/bas-prototype/logs/stage24_rf_stress_final_20260605T132014Z/video_rx.jsonl,341,341,1780666116.710271,448.671915769577,429.61367535591125,448604713499,,200000000,460800,0.722928524017334,True
/home/afetz/bas-prototype/logs/stage24_rf_stress_final_20260605T132014Z/video_rx.jsonl,342,342,1780666121.0702522,453.0318970680237,433.9736566543579,452964684199,,200000000,460800,4.359981298446655,True
/home/afetz/bas-prototype/logs/stage24_rf_stress_final_20260605T132014Z/video_rx.jsonl,343,343,1780666122.7320492,454.69369411468506,435.6354537010193,454625292720,,200000000,460800,1.661797046661377,True
/home/afetz/bas-prototype/logs/stage24_rf_stress_final_20260605T132014Z/video_rx.jsonl,344,344,1780666124.4958062,456.4574511051178,437.399210691452,456390147335,,200000000,460800,1.7637569904327393,True
/home/afetz/bas-prototype/logs/stage24_rf_stress_final_20260605T132014Z/video_rx.jsonl,345,345,1780666126.258893,458.2205379009247,439.1622974872589,458152961823,,200000000,460800,1.7630867958068848,True
/home/afetz/bas-prototype/logs/stage24_rf_stress_final_20260605T132014Z/video_rx.jsonl,346,346,1780666127.085256,459.0469009876251,439.98866057395935,458979726785,,200000000,460800,0.8263630867004395,True
/home/afetz/bas-prototype/logs/stage24_rf_stress_final_20260605T132014Z/video_rx.jsonl,347,347,1780666127.912641,459.8742859363556,440.8160455226898,459806920811,,200000000,460800,0.8273849487304688,True
/home/afetz/bas-prototype/logs/stage24_rf_stress_final_20260605T132014Z/video_rx.jsonl,348,348,1780666128.7385418,460.70018672943115,441.6419463157654,460633034731,,200000000,460800,0.8259007930755615,True
/home/afetz/bas-prototype/logs/stage24_rf_stress_final_20260605T132014Z/video_rx.jsonl,349,349,1780666129.5670364,461.52868127822876,442.470440864563,461461352996,,200000000,460800,0.8284945487976074,True
/home/afetz/bas-prototype/logs/stage24_rf_stress_final_20260605T132014Z/video_rx.jsonl,350,350,1780666130.3938925,462.3555374145508,443.297297000885,462288408054,,200000000,460800,0.8268561363220215,True
/home/afetz/bas-prototype/logs/stage24_rf_stress_final_20260605T132014Z/video_rx.jsonl,351,351,1780666131.2193239,463.1809687614441,444.1227283477783,463113817114,,200000000,460800,0.8254313468933105,True
/home/afetz/bas-prototype/logs/stage24_rf_stress_final_20260605T132014Z/video_rx.jsonl,352,352,1780666135.5808108,467.5424556732178,448.484215259552,467474224665,,200000000,460800,4.361486911773682,True
/home/afetz/bas-prototype/logs/stage24_rf_stress_final_20260605T132014Z/video_rx.jsonl,353,353,1780666137.2398992,469.201544046402,450.1433036327362,469134072552,,200000000,460800,1.659088373184204,True
/home/afetz/bas-prototype/logs/stage24_rf_stress_final_20260605T132014Z/video_rx.jsonl,354,354,1780666139.1080823,471.0697271823883,452.01148676872253,471002172251,,200000000,460800,1.8681831359863281,True
/home/afetz/bas-prototype/logs/stage24_rf_stress_final_20260605T132014Z/video_rx.jsonl,355,355,1780666140.871626,472.83327078819275,453.775030374527,472765776824,,200000000,460800,1.7635436058044434,True
/home/afetz/bas-prototype/logs/stage24_rf_stress_final_20260605T132014Z/video_rx.jsonl,356,356,1780666141.7002358,473.66188073158264,454.60364031791687,473594552707,,200000000,460800,0.8286099433898926,True
/home/afetz/bas-prototype/logs/stage24_rf_stress_final_20260605T132014Z/video_rx.jsonl,357,357,1780666142.5285285,474.49017333984375,455.431932926178,474422954721,,200000000,460800,0.8282926082611084,True
/home/afetz/bas-prototype/logs/stage24_rf_stress_final_20260605T132014Z/video_rx.jsonl,358,358,1780666143.3549151,475.3165600299835,456.25831961631775,475249453305,,200000000,460800,0.8263866901397705,True
/home/afetz/bas-prototype/logs/stage24_rf_stress_final_20260605T132014Z/video_rx.jsonl,359,359,1780666144.1818757,476.1435205936432,457.0852801799774,476076154482,,200000000,460800,0.826960563659668,True
/home/afetz/bas-prototype/logs/stage24_rf_stress_final_20260605T132014Z/video_rx.jsonl,360,360,1780666145.0117404,476.9733853340149,457.9151449203491,476903371818,,200000000,460800,0.8298647403717041,True
/home/afetz/bas-prototype/logs/stage24_rf_stress_final_20260605T132014Z/video_rx.jsonl,361,361,1780666145.9394414,477.9010863304138,458.84284591674805,477626834163,,200000000,460800,0.9277009963989258,True
/home/afetz/bas-prototype/logs/stage24_rf_stress_final_20260605T132014Z/video_rx.jsonl,362,362,1780666150.0953715,482.05701637268066,462.9987759590149,481989834045,,200000000,460800,4.155930042266846,True
/home/afetz/bas-prototype/logs/stage24_rf_stress_final_20260605T132014Z/video_rx.jsonl,363,363,1780666151.756811,483.7184557914734,464.6602153778076,483650765399,,200000000,460800,1.6614394187927246,True
/home/afetz/bas-prototype/logs/stage24_rf_stress_final_20260605T132014Z/video_rx.jsonl,364,364,1780666153.5221536,485.48379850387573,466.42555809020996,485416396483,,200000000,460800,1.7653427124023438,True
/home/afetz/bas-prototype/logs/stage24_rf_stress_final_20260605T132014Z/video_rx.jsonl,365,365,1780666155.2846873,487.2463321685791,468.18809175491333,487178756549,,200000000,460800,1.7625336647033691,True
/home/afetz/bas-prototype/logs/stage24_rf_stress_final_20260605T132014Z/video_rx.jsonl,366,366,1780666156.1098242,488.0714690685272,469.01322865486145,488004244874,,200000000,460800,0.8251368999481201,True
/home/afetz/bas-prototype/logs/stage24_rf_stress_final_20260605T132014Z/video_rx.jsonl,367,367,1780666156.9359388,488.89758372306824,469.83934330940247,488830376232,,200000000,460800,0.8261146545410156,True
/home/afetz/bas-prototype/logs/stage24_rf_stress_final_20260605T132014Z/video_rx.jsonl,368,368,1780666157.8675535,489.8291983604431,470.77095794677734,489553768226,,200000000,460800,0.9316146373748779,True
/home/afetz/bas-prototype/logs/stage24_rf_stress_final_20260605T132014Z/video_rx.jsonl,369,369,1780666158.5894406,490.55108547210693,471.49284505844116,490483928597,,200000000,460800,0.7218871116638184,True
/home/afetz/bas-prototype/logs/stage24_rf_stress_final_20260605T132014Z/video_rx.jsonl,370,370,1780666159.4163797,491.3780245780945,472.3197841644287,491310682756,,200000000,460800,0.8269391059875488,True
/home/afetz/bas-prototype/logs/stage24_rf_stress_final_20260605T132014Z/video_rx.jsonl,371,371,1780666160.2432823,492.20492720603943,473.14668679237366,492137684659,,200000000,460800,0.8269026279449463,True
/home/afetz/bas-prototype/logs/stage24_rf_stress_final_20260605T132014Z/video_rx.jsonl,372,372,1780666164.502724,496.46436882019043,477.40612840652466,496397040482,,200000000,460800,4.259441614151001,True
/home/afetz/bas-prototype/logs/stage24_rf_stress_final_20260605T132014Z/video_rx.jsonl,373,373,1780666166.1607642,498.1224091053009,479.06416869163513,498054850034,,200000000,460800,1.6580402851104736,True
/home/afetz/bas-prototype/logs/stage24_rf_stress_final_20260605T132014Z/video_rx.jsonl,374,374,1780666167.9242136,499.8858585357666,480.82761812210083,499818301841,,200000000,460800,1.7634494304656982,True
/home/afetz/bas-prototype/logs/stage24_rf_stress_final_20260605T132014Z/video_rx.jsonl,375,375,1780666169.6881022,501.649747133255,482.59150671958923,501582313760,,200000000,460800,1.7638885974884033,True
/home/afetz/bas-prototype/logs/stage24_rf_stress_final_20260605T132014Z/video_rx.jsonl,376,376,1780666170.515436,502.47708082199097,483.4188404083252,502409837007,,200000000,460800,0.8273336887359619,True
/home/afetz/bas-prototype/logs/stage24_rf_stress_final_20260605T132014Z/video_rx.jsonl,377,377,1780666171.3424284,503.30407333374023,484.24583292007446,503236928507,,200000000,460800,0.8269925117492676,True
/home/afetz/bas-prototype/logs/stage24_rf_stress_final_20260605T132014Z/video_rx.jsonl,378,378,1780666172.1694841,504.13112902641296,485.0728886127472,504064001886,,200000000,460800,0.8270556926727295,True
/home/afetz/bas-prototype/logs/stage24_rf_stress_final_20260605T132014Z/video_rx.jsonl,379,379,1780666173.1004248,505.0620696544647,486.00382924079895,504994629292,,200000000,460800,0.9309406280517578,True
/home/afetz/bas-prototype/logs/stage24_rf_stress_final_20260605T132014Z/video_rx.jsonl,380,380,1780666173.9286478,505.89029264450073,486.83205223083496,505823048984,,200000000,460800,0.8282229900360107,True
/home/afetz/bas-prototype/logs/stage24_rf_stress_final_20260605T132014Z/video_rx.jsonl,381,381,1780666174.755925,506.71756982803345,487.6593294143677,506650295066,,200000000,460800,0.8272771835327148,True
/home/afetz/bas-prototype/logs/stage24_rf_stress_final_20260605T132014Z/video_rx.jsonl,382,382,1780666179.115667,511.07731199264526,492.0190715789795,510802180485,,200000000,460800,4.359742164611816,True
/home/afetz/bas-prototype/logs/stage24_rf_stress_final_20260605T132014Z/video_rx.jsonl,383,383,1780666180.6717217,512.6333665847778,493.57512617111206,512565635794,,200000000,460800,1.5560545921325684,True
/home/afetz/bas-prototype/logs/stage24_rf_stress_final_20260605T132014Z/video_rx.jsonl,384,384,1780666182.4355142,514.3971590995789,495.3389186859131,514329759618,,200000000,460800,1.7637925148010254,True
/home/afetz/bas-prototype/logs/stage24_rf_stress_final_20260605T132014Z/video_rx.jsonl,385,385,1780666184.3034792,516.2651240825653,497.20688366889954,516196497168,,200000000,460800,1.8679649829864502,True
/home/afetz/bas-prototype/logs/stage24_rf_stress_final_20260605T132014Z/video_rx.jsonl,386,386,1780666185.234995,517.1966397762299,498.1383993625641,516920988782,,200000000,460800,0.9315156936645508,True
/home/afetz/bas-prototype/logs/stage24_rf_stress_final_20260605T132014Z/video_rx.jsonl,387,387,1780666185.9574943,517.9191391468048,498.86089873313904,517851969447,,200000000,460800,0.7224993705749512,True
/home/afetz/bas-prototype/logs/stage24_rf_stress_final_20260605T132014Z/video_rx.jsonl,388,388,1780666186.9921381,518.9537830352783,499.89554262161255,518886473610,,200000000,460800,1.0346438884735107,True
/home/afetz/bas-prototype/logs/stage24_rf_stress_final_20260605T132014Z/video_rx.jsonl,389,389,1780666187.8186173,519.7802622318268,500.722021818161,519713053046,,200000000,460800,0.8264791965484619,True
/home/afetz/bas-prototype/logs/stage24_rf_stress_final_20260605T132014Z/video_rx.jsonl,390,390,1780666188.7510533,520.7126982212067,501.6544578075409,520435528501,,200000000,460800,0.9324359893798828,True
/home/afetz/bas-prototype/logs/stage24_rf_stress_final_20260605T132014Z/video_rx.jsonl,391,391,1780666189.4713042,521.4329490661621,502.37470865249634,521365780934,,200000000,460800,0.7202508449554443,True
/home/afetz/bas-prototype/logs/stage24_rf_stress_final_20260605T132014Z/video_rx.jsonl,392,392,1780666193.7307892,525.6924340724945,506.63419365882874,525624382048,,200000000,460800,4.2594850063323975,True
/home/afetz/bas-prototype/logs/stage24_rf_stress_final_20260605T132014Z/video_rx.jsonl,393,393,1780666195.389782,527.3514268398285,508.2931864261627,527283511089,,200000000,460800,1.6589927673339844,True
/home/afetz/bas-prototype/logs/stage24_rf_stress_final_20260605T132014Z/video_rx.jsonl,394,394,1780666197.050154,529.0117988586426,509.9535584449768,528944376207,,200000000,460800,1.660372018814087,True
/home/afetz/bas-prototype/logs/stage24_rf_stress_final_20260605T132014Z/video_rx.jsonl,395,395,1780666198.8136833,530.7753281593323,511.7170877456665,530707716062,,200000000,460800,1.7635293006896973,True
/home/afetz/bas-prototype/logs/stage24_rf_stress_final_20260605T132014Z/video_rx.jsonl,396,396,1780666199.8469212,531.8085660934448,512.750325679779,531741337181,,200000000,460800,1.0332379341125488,True
/home/afetz/bas-prototype/logs/stage24_rf_stress_final_20260605T132014Z/video_rx.jsonl,397,397,1780666200.673612,532.6352570056915,513.5770165920258,532568078162,,200000000,460800,0.8266909122467041,True
/home/afetz/bas-prototype/logs/stage24_rf_stress_final_20260605T132014Z/video_rx.jsonl,398,398,1780666201.5000393,533.4616842269897,514.403443813324,533394509595,,200000000,460800,0.8264272212982178,True
/home/afetz/bas-prototype/logs/stage24_rf_stress_final_20260605T132014Z/video_rx.jsonl,399,399,1780666202.3268664,534.2885112762451,515.2302708625793,534221231955,,200000000,460800,0.8268270492553711,True
/home/afetz/bas-prototype/logs/stage24_rf_stress_final_20260605T132014Z/video_rx.jsonl,400,400,1780666203.1545453,535.1161901950836,516.0579497814178,535048608103,,200000000,460800,0.827678918838501,True
/home/afetz/bas-prototype/logs/stage24_rf_stress_final_20260605T132014Z/video_rx.jsonl,401,401,1780666203.9803896,535.9420344829559,516.8837940692902,535874834852,,200000000,460800,0.8258442878723145,True
/home/afetz/bas-prototype/logs/stage24_rf_stress_final_20260605T132014Z/video_rx.jsonl,402,402,1780666208.6520836,540.6137285232544,521.5554881095886,539924613168,,200000000,460800,4.671694040298462,True
/home/afetz/bas-prototype/logs/stage24_rf_stress_final_20260605T132014Z/video_rx.jsonl,403,403,1780666209.8976364,541.8592813014984,522.8010408878326,541792026241,,200000000,460800,1.2455527782440186,True
/home/afetz/bas-prototype/logs/stage24_rf_stress_final_20260605T132014Z/video_rx.jsonl,404,404,1780666211.663242,543.6248869895935,524.5666465759277,543557083855,,200000000,460800,1.7656056880950928,True
/home/afetz/bas-prototype/logs/stage24_rf_stress_final_20260605T132014Z/video_rx.jsonl,405,405,1780666306.4746497,638.4362945556641,619.3780541419983,635354444379,,200000000,460800,94.81140756607056,True
/home/afetz/bas-prototype/logs/stage24_rf_stress_final_20260605T132014Z/video_rx.jsonl,406,406,1780666315.8489575,647.8106024265289,628.7523620128632,646933329159,,200000000,460800,9.374307870864868,True
/home/afetz/bas-prototype/logs/stage24_rf_stress_final_20260605T132014Z/video_rx.jsonl,407,407,1780666326.7368298,658.6984746456146,639.6402342319489,655269024305,,200000000,460800,10.887872219085693,True
/home/afetz/bas-prototype/logs/stage24_rf_stress_final_20260605T132014Z/video_rx.jsonl,408,408,1780666342.8199437,674.7815885543823,655.7233481407166,673790553147,,200000000,460800,16.0831139087677,True
/home/afetz/bas-prototype/logs/stage24_rf_stress_final_20260605T132014Z/video_rx.jsonl,409,409,1780666348.0350068,679.9966516494751,660.9384112358093,676569408421,,200000000,460800,5.215063095092773,True
/home/afetz/bas-prototype/logs/stage24_rf_stress_final_20260605T132014Z/video_rx.jsonl,410,410,1780666349.076077,681.0377218723297,661.9794814586639,680970243753,,200000000,460800,1.0410702228546143,True
/home/afetz/bas-prototype/logs/stage24_rf_stress_final_20260605T132014Z/video_rx.jsonl,411,411,1780666350.9263787,682.8880236148834,663.8297832012177,681779801769,,200000000,460800,1.850301742553711,True
/home/afetz/bas-prototype/logs/stage24_rf_stress_final_20260605T132014Z/video_rx.jsonl,412,412,1780666352.3164513,684.2780961990356,665.2198557853699,684094715718,,200000000,460800,1.3900725841522217,True
/home/afetz/bas-prototype/logs/stage24_rf_stress_final_20260605T132014Z/video_rx.jsonl,413,413,1780666353.821142,685.7827868461609,666.7245464324951,685599879482,,200000000,460800,1.5046906471252441,True
/home/afetz/bas-prototype/logs/stage24_rf_stress_final_20260605T132014Z/video_rx.jsonl,414,414,1780666355.790226,687.7518708705902,668.6936304569244,687105484833,,200000000,460800,1.9690840244293213,True
/home/afetz/bas-prototype/logs/stage24_rf_stress_final_20260605T132014Z/video_rx.jsonl,415,415,1780666357.7629874,689.7246322631836,670.6663918495178,689305736373,,200000000,460800,1.9727613925933838,True
/home/afetz/bas-prototype/logs/stage24_rf_stress_final_20260605T132014Z/video_rx.jsonl,416,416,1780666359.2631593,691.2248041629791,672.1665637493134,691041724041,,200000000,460800,1.5001718997955322,True
/home/afetz/bas-prototype/logs/stage24_rf_stress_final_20260605T132014Z/video_rx.jsonl,417,417,1780666361.4629862,693.4246311187744,674.3663907051086,692776332662,,200000000,460800,2.199826955795288,True
/home/afetz/bas-prototype/logs/stage24_rf_stress_final_20260605T132014Z/video_rx.jsonl,418,418,1780666364.4725063,696.4341511726379,677.3759107589722,694629664927,,200000000,460800,3.0095200538635254,True
/home/afetz/bas-prototype/logs/stage24_rf_stress_final_20260605T132014Z/video_rx.jsonl,419,419,1780666368.9908295,700.9524743556976,681.8942339420319,697989920341,,200000000,460800,4.518323183059692,True
/home/afetz/bas-prototype/logs/stage24_rf_stress_final_20260605T132014Z/video_rx.jsonl,420,420,1780666370.0359259,701.9975707530975,682.9393303394318,701924720520,,200000000,460800,1.0450963973999023,True
/home/afetz/bas-prototype/logs/stage24_rf_stress_final_20260605T132014Z/video_rx.jsonl,421,421,1780666372.1138055,704.0754504203796,685.0172100067139,702967121280,,200000000,460800,2.0778796672821045,True
/home/afetz/bas-prototype/logs/stage24_rf_stress_final_20260605T132014Z/video_rx.jsonl,422,422,1780666373.849487,705.8111319541931,686.7528915405273,705048743247,,200000000,460800,1.7356815338134766,True
/home/afetz/bas-prototype/logs/stage24_rf_stress_final_20260605T132014Z/video_rx.jsonl,423,423,1780666375.4707837,707.4324285984039,688.3741881847382,707133824664,,200000000,460800,1.6212966442108154,True
/home/afetz/bas-prototype/logs/stage24_rf_stress_final_20260605T132014Z/video_rx.jsonl,424,424,1780666377.6710734,709.6327183246613,690.5744779109955,708639121654,,200000000,460800,2.200289726257324,True
/home/afetz/bas-prototype/logs/stage24_rf_stress_final_20260605T132014Z/video_rx.jsonl,425,425,1780666379.1767101,711.1383550167084,692.0801146030426,710843560396,,200000000,460800,1.5056366920471191,True
/home/afetz/bas-prototype/logs/stage24_rf_stress_final_20260605T132014Z/video_rx.jsonl,426,426,1780666381.144565,713.1062099933624,694.0479695796967,712690632612,,200000000,460800,1.9678549766540527,True
/home/afetz/bas-prototype/logs/stage24_rf_stress_final_20260605T132014Z/video_rx.jsonl,427,427,1780666382.997614,714.9592587947845,695.9010183811188,714544302886,,200000000,460800,1.8530488014221191,True
/home/afetz/bas-prototype/logs/stage24_rf_stress_final_20260605T132014Z/video_rx.jsonl,428,428,1780666384.85067,716.8123149871826,697.7540745735168,715818002270,,200000000,460800,1.8530561923980713,True
/home/afetz/bas-prototype/logs/stage24_rf_stress_final_20260605T132014Z/video_rx.jsonl,429,429,1780666390.1798637,722.1415085792542,703.0832681655884,718714094904,,200000000,460800,5.329193592071533,True
/home/afetz/bas-prototype/logs/stage24_rf_stress_final_20260605T132014Z/video_rx.jsonl,430,430,1780666391.1034448,723.0650897026062,704.0068492889404,722767511528,,200000000,460800,0.9235811233520508,True
/home/afetz/bas-prototype/logs/stage24_rf_stress_final_20260605T132014Z/video_rx.jsonl,431,431,1780666392.492232,724.4538769721985,705.3956365585327,724039280431,,200000000,460800,1.3887872695922852,True
/home/afetz/bas-prototype/logs/stage24_rf_stress_final_20260605T132014Z/video_rx.jsonl,432,432,1780666393.8818617,725.8435065746307,706.785266160965,725660825691,,200000000,460800,1.389629602432251,True
/home/afetz/bas-prototype/logs/stage24_rf_stress_final_20260605T132014Z/video_rx.jsonl,433,433,1780666396.430453,728.3920979499817,709.3338575363159,727050920944,,200000000,460800,2.548591375350952,True
/home/afetz/bas-prototype/logs/stage24_rf_stress_final_20260605T132014Z/video_rx.jsonl,434,434,1780666398.632267,730.5939118862152,711.5356714725494,729367933168,,200000000,460800,2.2018139362335205,True
/home/afetz/bas-prototype/logs/stage24_rf_stress_final_20260605T132014Z/video_rx.jsonl,435,435,1780666400.3689313,732.3305761814117,713.272335767746,731452528500,,200000000,460800,1.7366642951965332,True
/home/afetz/bas-prototype/logs/stage24_rf_stress_final_20260605T132014Z/video_rx.jsonl,436,436,1780666402.4524457,734.4140906333923,715.3558502197266,733419975130,,200000000,460800,2.083514451980591,True
/home/afetz/bas-prototype/logs/stage24_rf_stress_final_20260605T132014Z/video_rx.jsonl,437,437,1780666404.074192,736.0358369350433,716.9775965213776,735852660609,,200000000,460800,1.621746301651001,True
/home/afetz/bas-prototype/logs/stage24_rf_stress_final_20260605T132014Z/video_rx.jsonl,438,438,1780666411.4885783,743.4502232074738,724.391982793808,740135065175,,200000000,460800,7.41438627243042,True
/home/afetz/bas-prototype/logs/stage24_rf_stress_final_20260605T132014Z/video_rx.jsonl,439,439,1780666428.6216779,760.583322763443,741.5250823497772,759011219066,,200000000,460800,17.13309955596924,True
/home/afetz/bas-prototype/logs/stage24_rf_stress_final_20260605T132014Z/video_rx.jsonl,440,440,1780666433.1370308,765.0986757278442,746.0404353141785,761673704286,,200000000,460800,4.515352964401245,True
/home/afetz/bas-prototype/logs/stage24_rf_stress_final_20260605T132014Z/video_rx.jsonl,441,441,1780666434.1801858,766.1418306827545,747.0835902690887,765956329963,,200000000,460800,1.0431549549102783,True
/home/afetz/bas-prototype/logs/stage24_rf_stress_final_20260605T132014Z/video_rx.jsonl,442,442,1780666435.7975287,767.7591736316681,748.7009332180023,767460240520,,200000000,460800,1.6173429489135742,True
/home/afetz/bas-prototype/logs/stage24_rf_stress_final_20260605T132014Z/video_rx.jsonl,443,443,1780666437.764026,769.7256708145142,750.6674304008484,768847993188,,200000000,460800,1.9664971828460693,True
/home/afetz/bas-prototype/logs/stage24_rf_stress_final_20260605T132014Z/video_rx.jsonl,444,444,1780666438.9208379,770.8824827671051,751.8242423534393,770468052061,,200000000,460800,1.1568119525909424,True
/home/afetz/bas-prototype/logs/stage24_rf_stress_final_20260605T132014Z/video_rx.jsonl,445,445,1780666441.1193476,773.0809924602509,754.0227520465851,771972664442,,200000000,460800,2.198509693145752,True
/home/afetz/bas-prototype/logs/stage24_rf_stress_final_20260605T132014Z/video_rx.jsonl,446,446,1780666443.201232,775.1628768444061,756.1046364307404,773939009456,,200000000,460800,2.0818843841552734,True
/home/afetz/bas-prototype/logs/stage24_rf_stress_final_20260605T132014Z/video_rx.jsonl,447,447,1780666444.7093332,776.6709780693054,757.6127376556396,776487101537,,200000000,460800,1.508101224899292,True
/home/afetz/bas-prototype/logs/stage24_rf_stress_final_20260605T132014Z/video_rx.jsonl,448,448,1780666446.444205,778.4058499336243,759.3476095199585,777528597490,,200000000,460800,1.7348718643188477,True
/home/afetz/bas-prototype/logs/stage24_rf_stress_final_20260605T132014Z/video_rx.jsonl,449,449,1780666448.1825433,780.1441881656647,761.0859477519989,779497365960,,200000000,460800,1.7383382320404053,True
/home/afetz/bas-prototype/logs/stage24_rf_stress_final_20260605T132014Z/video_rx.jsonl,450,450,1780666453.3949802,785.3566250801086,766.2983846664429,781930127501,,200000000,460800,5.21243691444397,True
/home/afetz/bas-prototype/logs/stage24_rf_stress_final_20260605T132014Z/video_rx.jsonl,451,451,1780666454.552688,786.5143327713013,767.4560923576355,786331548417,,200000000,460800,1.157707691192627,True
/home/afetz/bas-prototype/logs/stage24_rf_stress_final_20260605T132014Z/video_rx.jsonl,452,452,1780666456.066197,788.0278418064117,768.969601392746,787726848816,,200000000,460800,1.5135090351104736,True
/home/afetz/bas-prototype/logs/stage24_rf_stress_final_20260605T132014Z/video_rx.jsonl,453,453,1780666457.933503,789.8951478004456,770.8369073867798,789126648262,,200000000,460800,1.8673059940338135,True
/home/afetz/bas-prototype/logs/stage24_rf_stress_final_20260605T132014Z/video_rx.jsonl,454,454,1780666459.6844053,791.6460502147675,772.5878098011017,790645421470,,200000000,460800,1.7509024143218994,True
/home/afetz/bas-prototype/logs/stage24_rf_stress_final_20260605T132014Z/video_rx.jsonl,455,455,1780666461.5535898,793.515234708786,774.4569942951202,792630743060,,200000000,460800,1.8691844940185547,True
/home/afetz/bas-prototype/logs/stage24_rf_stress_final_20260605T132014Z/video_rx.jsonl,456,456,1780666463.8354306,795.797075510025,776.7388350963593,793797466831,,200000000,460800,2.2818408012390137,True
/home/afetz/bas-prototype/logs/stage24_rf_stress_final_20260605T132014Z/video_rx.jsonl,457,457,1780666466.2491403,798.210785150528,779.1525447368622,796453661120,,200000000,460800,2.4137096405029297,True
/home/afetz/bas-prototype/logs/stage24_rf_stress_final_20260605T132014Z/video_rx.jsonl,458,458,1780666467.9408019,799.9024467468262,780.8442063331604,799478720570,,200000000,460800,1.6916615962982178,True
/home/afetz/bas-prototype/logs/stage24_rf_stress_final_20260605T132014Z/video_rx.jsonl,459,459,1780666470.1144981,802.0761430263519,783.0179026126862,800679497091,,200000000,460800,2.173696279525757,True
/home/afetz/bas-prototype/logs/stage24_rf_stress_final_20260605T132014Z/video_rx.jsonl,460,460,1780666475.671395,807.6330399513245,788.5747995376587,804303078420,,200000000,460800,5.556896924972534,True
/home/afetz/bas-prototype/logs/stage24_rf_stress_final_20260605T132014Z/video_rx.jsonl,461,461,1780666477.1206865,809.0823314189911,790.0240910053253,808410943318,,200000000,460800,1.449291467666626,True
/home/afetz/bas-prototype/logs/stage24_rf_stress_final_20260605T132014Z/video_rx.jsonl,462,462,1780666479.0692263,811.0308711528778,791.972630739212,810598167866,,200000000,460800,1.9485397338867188,True
/home/afetz/bas-prototype/logs/stage24_rf_stress_final_20260605T132014Z/video_rx.jsonl,463,463,1780666480.540213,812.5018579959869,793.4436175823212,811943650589,,200000000,460800,1.4709868431091309,True
/home/afetz/bas-prototype/logs/stage24_rf_stress_final_20260605T132014Z/video_rx.jsonl,464,464,1780666482.0138545,813.9754993915558,794.91725897789,813416410220,,200000000,460800,1.4736413955688477,True
/home/afetz/bas-prototype/logs/stage24_rf_stress_final_20260605T132014Z/video_rx.jsonl,465,465,1780666486.4945152,818.456160068512,799.3979196548462,817011384030,,200000000,460800,4.480660676956177,True
/home/afetz/bas-prototype/logs/stage24_rf_stress_final_20260605T132014Z/video_rx.jsonl,466,466,1780666488.2591698,820.220814704895,801.1625742912292,819394934016,,200000000,460800,1.7646546363830566,True
/home/afetz/bas-prototype/logs/stage24_rf_stress_final_20260605T132014Z/video_rx.jsonl,467,467,1780666498.8366697,830.7983145713806,811.7400741577148,821041237812,,200000000,460800,10.577499866485596,True
/home/afetz/bas-prototype/logs/stage24_rf_stress_final_20260605T132014Z/video_rx.jsonl,468,468,1780666524.6392884,856.6009333133698,837.542692899704,856270798699,,200000000,460800,25.802618741989136,True
/home/afetz/bas-prototype/logs/stage24_rf_stress_final_20260605T132014Z/video_rx.jsonl,469,469,1780666525.9575632,857.9192080497742,838.8609676361084,857851292682,,200000000,460800,1.318274736404419,True
/home/afetz/bas-prototype/logs/stage24_rf_stress_final_20260605T132014Z/video_rx.jsonl,470,470,1780666527.5382895,859.4999344348907,840.441694021225,859300898238,,200000000,460800,1.5807263851165771,True
/home/afetz/bas-prototype/logs/stage24_rf_stress_final_20260605T132014Z/video_rx.jsonl,471,471,1780666533.2021105,865.1637554168701,846.1055150032043,860880965426,,200000000,460800,5.66382098197937,True
/home/afetz/bas-prototype/logs/stage24_rf_stress_final_20260605T132014Z/video_rx.jsonl,472,472,1780666539.9240108,871.8856556415558,852.82741522789,869972893379,,200000000,460800,6.721900224685669,True
/home/afetz/bas-prototype/logs/stage24_rf_stress_final_20260605T132014Z/video_rx.jsonl,473,473,1780666566.2763216,898.2379665374756,879.1797261238098,896721308981,,200000000,460800,26.3523108959198,True
/home/afetz/bas-prototype/logs/stage24_rf_stress_final_20260605T132014Z/video_rx.jsonl,474,474,1780666572.2094045,904.1710493564606,885.1128089427948,900279870334,,200000000,460800,5.933082818984985,True
/home/afetz/bas-prototype/logs/stage24_rf_stress_final_20260605T132014Z/video_rx.jsonl,475,475,1780666575.7668881,907.7285330295563,888.6702926158905,904631680418,,200000000,460800,3.557483673095703,True
/home/afetz/bas-prototype/logs/stage24_rf_stress_final_20260605T132014Z/video_rx.jsonl,476,476,1780666581.0384958,913.0001406669617,893.9419002532959,912406031410,,200000000,460800,5.2716076374053955,True
/home/afetz/bas-prototype/logs/stage24_rf_stress_final_20260605T132014Z/video_rx.jsonl,477,477,1780666585.781885,917.7435297966003,898.6852893829346,916886438895,,200000000,460800,4.743389129638672,True
/home/afetz/bas-prototype/logs/stage24_rf_stress_final_20260605T132014Z/video_rx.jsonl,478,478,1780666589.3400018,921.3016467094421,902.2434062957764,920707445021,,200000000,460800,3.558116912841797,True
/home/afetz/bas-prototype/logs/stage24_rf_stress_final_20260605T132014Z/video_rx.jsonl,479,479,1780666613.7189393,945.680584192276,926.6223437786102,944298904493,,200000000,460800,24.378937482833862,True
/home/afetz/bas-prototype/logs/stage24_rf_stress_final_20260605T132014Z/video_rx.jsonl,480,480,1780666644.4239745,976.3856194019318,957.327378988266,975924158116,,200000000,460800,30.70503520965576,True
/home/afetz/bas-prototype/logs/stage24_rf_stress_final_20260605T132014Z/video_rx.jsonl,481,481,1780666660.892878,992.8545229434967,973.7962825298309,991863680111,,200000000,460800,16.46890354156494,True
/home/afetz/bas-prototype/logs/stage24_rf_stress_final_20260605T132014Z/video_rx.jsonl,482,482,1780666685.3189688,1017.2806136608124,998.2223732471466,1015721465610,,200000000,460800,24.426090717315674,True
/home/afetz/bas-prototype/logs/stage24_rf_stress_final_20260605T132014Z/video_rx.jsonl,483,483,1780666707.5866995,1039.548344373703,1020.4901039600372,1037038047281,,200000000,460800,22.267730712890625,True
/home/afetz/bas-prototype/logs/stage24_rf_stress_final_20260605T132014Z/video_rx.jsonl,484,484,1780666709.8952518,1041.8568966388702,1022.7986562252045,1040430239963,,200000000,460800,2.3085522651672363,True
/home/afetz/bas-prototype/logs/stage24_rf_stress_final_20260605T132014Z/video_rx.jsonl,485,485,1780666711.660632,1043.6222767829895,1024.5640363693237,1042332777199,,200000000,460800,1.7653801441192627,True
/home/afetz/bas-prototype/logs/stage24_rf_stress_final_20260605T132014Z/video_rx.jsonl,486,486,1780666717.902381,1049.8640258312225,1030.8057854175568,1046269035992,,200000000,460800,6.241749048233032,True
/home/afetz/bas-prototype/logs/stage24_rf_stress_final_20260605T132014Z/video_rx.jsonl,487,487,1780666721.9768775,1053.9385223388672,1034.8802819252014,1052376190614,,200000000,460800,4.074496507644653,True
/home/afetz/bas-prototype/logs/stage24_rf_stress_final_20260605T132014Z/video_rx.jsonl,488,488,1780666726.7297695,1058.6914143562317,1039.633173942566,1055093633612,,200000000,460800,4.752892017364502,True
/home/afetz/bas-prototype/logs/stage24_rf_stress_final_20260605T132014Z/video_rx.jsonl,489,489,1780666749.402101,1081.3637459278107,1062.305505514145,1079530194477,,200000000,460800,22.67233157157898,True
/home/afetz/bas-prototype/logs/stage24_rf_stress_final_20260605T132014Z/video_rx.jsonl,490,490,1780666761.4867086,1093.4483535289764,1074.3901131153107,1091749933196,,200000000,460800,12.084607601165771,True
/home/afetz/bas-prototype/logs/stage24_rf_stress_final_20260605T132014Z/video_rx.jsonl,491,491,1780667123.0934439,1455.0550887584686,1435.9968483448029,1454468143258,,200000000,460800,361.6067352294922,True
/home/afetz/bas-prototype/logs/stage24_rf_stress_final_20260605T132014Z/video_rx.jsonl,492,492,1780667130.2063687,1462.1680135726929,1443.109773159027,1458147891532,,200000000,460800,7.112924814224243,True
/home/afetz/bas-prototype/logs/stage24_rf_stress_final_20260605T132014Z/video_rx.jsonl,493,493,1780667133.76562,1465.727264881134,1446.6690244674683,1461706318696,,200000000,460800,3.559251308441162,True
/home/afetz/bas-prototype/logs/stage24_rf_stress_final_20260605T132014Z/video_rx.jsonl,494,494,1780667137.6933005,1469.6549453735352,1450.5967049598694,1469087374944,,200000000,460800,3.927680492401123,True
/home/afetz/bas-prototype/logs/stage24_rf_stress_final_20260605T132014Z/video_rx.jsonl,495,495,1780667141.6750026,1473.6366474628448,1454.578407049179,1473569416529,,200000000,460800,3.9817020893096924,True
/home/afetz/bas-prototype/logs/stage24_rf_stress_final_20260605T132014Z/video_rx.jsonl,496,496,1780667144.4416564,1476.4033012390137,1457.345060825348,1474095133143,,200000000,460800,2.7666537761688232,True
/home/afetz/bas-prototype/logs/stage24_rf_stress_final_20260605T132014Z/video_rx.jsonl,497,497,1780667147.4722228,1479.4338676929474,1460.3756272792816,1476862331067,,200000000,460800,3.030566453933716,True
/home/afetz/bas-prototype/logs/stage24_rf_stress_final_20260605T132014Z/video_rx.jsonl,498,498,1780667152.6119921,1484.573637008667,1465.5153965950012,1482396362535,,200000000,460800,5.1397693157196045,True
/home/afetz/bas-prototype/logs/stage24_rf_stress_final_20260605T132014Z/video_rx.jsonl,499,499,1780667154.4562335,1486.4178783893585,1467.3596379756927,1484901262048,,200000000,460800,1.8442413806915283,True
/home/afetz/bas-prototype/logs/stage24_rf_stress_final_20260605T132014Z/video_rx.jsonl,500,500,1780667187.925704,1519.8873488903046,1500.8291084766388,1518371959959,,200000000,460800,33.469470500946045,True
/home/afetz/bas-prototype/logs/stage24_rf_stress_final_20260605T132014Z/video_rx.jsonl,501,501,1780667235.3656194,1567.3272643089294,1548.2690238952637,1563568722728,,200000000,460800,47.43991541862488,True
/home/afetz/bas-prototype/logs/stage24_rf_stress_final_20260605T132014Z/video_rx.jsonl,502,502,1780667236.41977,1568.3814148902893,1549.3231744766235,1568313937697,,200000000,460800,1.0541505813598633,True
/home/afetz/bas-prototype/logs/stage24_rf_stress_final_20260605T132014Z/video_rx.jsonl,503,503,1780667237.9984255,1569.9600703716278,1550.901829957962,1569892862650,,200000000,460800,1.578655481338501,True
/home/afetz/bas-prototype/logs/stage24_rf_stress_final_20260605T132014Z/video_rx.jsonl,504,504,1780667239.577527,1571.5391719341278,1552.480931520462,1570155806786,,200000000,460800,1.5791015625,True
/home/afetz/bas-prototype/logs/stage24_rf_stress_final_20260605T132014Z/video_rx.jsonl,505,505,1780667244.1919837,1576.1536285877228,1557.095388174057,1574768432803,,200000000,460800,4.614456653594971,True
/home/afetz/bas-prototype/logs/stage24_rf_stress_final_20260605T132014Z/video_rx.jsonl,506,506,1780667246.3002734,1578.2619183063507,1559.203677892685,1576349456046,,200000000,460800,2.1082897186279297,True
/home/afetz/bas-prototype/logs/stage24_rf_stress_final_20260605T132014Z/video_rx.jsonl,507,507,1780667249.3309395,1581.2925844192505,1562.2343440055847,1578194504102,,200000000,460800,3.0306661128997803,True
/home/afetz/bas-prototype/logs/stage24_rf_stress_final_20260605T132014Z/video_rx.jsonl,508,508,1780667251.0425265,1583.00417137146,1563.9459309577942,1582411209008,,200000000,460800,1.7115869522094727,True
/home/afetz/bas-prototype/logs/stage24_rf_stress_final_20260605T132014Z/video_rx.jsonl,509,509,1780667253.808973,1585.7706179618835,1566.7123775482178,1583462928016,,200000000,460800,2.766446590423584,True
/home/afetz/bas-prototype/logs/stage24_rf_stress_final_20260605T132014Z/video_rx.jsonl,510,510,1780667284.7759845,1616.7376294136047,1597.679388999939,1615353061700,,200000000,460800,30.96701145172119,True
/home/afetz/bas-prototype/logs/stage24_rf_stress_final_20260605T132014Z/video_rx.jsonl,511,511,1780667286.7514195,1618.7130644321442,1599.6548240184784,1616670172143,,200000000,460800,1.9754350185394287,True
/home/afetz/bas-prototype/logs/stage24_rf_stress_final_20260605T132014Z/video_rx.jsonl,512,512,1780667287.8077936,1619.7694385051727,1600.711198091507,1619041301727,,200000000,460800,1.0563740730285645,True
/home/afetz/bas-prototype/logs/stage24_rf_stress_final_20260605T132014Z/video_rx.jsonl,513,513,1780667290.9695807,1622.9312255382538,1603.872985124588,1620095109927,,200000000,460800,3.1617870330810547,True
/home/afetz/bas-prototype/logs/stage24_rf_stress_final_20260605T132014Z/video_rx.jsonl,514,514,1780667294.525546,1626.4871909618378,1607.428950548172,1625630365530,,200000000,460800,3.5559654235839844,True
/home/afetz/bas-prototype/logs/stage24_rf_stress_final_20260605T132014Z/video_rx.jsonl,515,515,1780667297.6917443,1629.6533892154694,1610.5951488018036,1626814818862,,200000000,460800,3.166198253631592,True
/home/afetz/bas-prototype/logs/stage24_rf_stress_final_20260605T132014Z/video_rx.jsonl,516,516,1780667302.2691612,1634.2308061122894,1615.1725656986237,1630110195654,,200000000,460800,4.577416896820068,True
/home/afetz/bas-prototype/logs/stage24_rf_stress_final_20260605T132014Z/video_rx.jsonl,517,517,1780667324.0509424,1656.0125873088837,1636.954346895218,1655582938401,,200000000,460800,21.78178119659424,True
/home/afetz/bas-prototype/logs/stage24_rf_stress_final_20260605T132014Z/video_rx.jsonl,518,518,1780667325.8615873,1657.8232321739197,1638.764991760254,1657514455735,,200000000,460800,1.8106448650360107,True
/home/afetz/bas-prototype/logs/stage24_rf_stress_final_20260605T132014Z/video_rx.jsonl,519,519,1780667333.7144098,1665.6760547161102,1646.6178143024445,1663434655957,,200000000,460800,7.852822542190552,True
/home/afetz/bas-prototype/logs/stage24_rf_stress_final_20260605T132014Z/video_rx.jsonl,520,520,1780667335.7668319,1667.7284767627716,1648.6702363491058,1666091025514,,200000000,460800,2.052422046661377,True
/home/afetz/bas-prototype/logs/stage24_rf_stress_final_20260605T132014Z/video_rx.jsonl,521,521,1780667337.09528,1669.0569248199463,1649.9986844062805,1668506233095,,200000000,460800,1.3284480571746826,True
/home/afetz/bas-prototype/logs/stage24_rf_stress_final_20260605T132014Z/video_rx.jsonl,522,522,1780667337.938872,1669.900516986847,1650.8422765731812,1669833337766,,200000000,460800,0.8435921669006348,True
/home/afetz/bas-prototype/logs/stage24_rf_stress_final_20260605T132014Z/video_rx.jsonl,523,523,1780667339.7498085,1671.7114534378052,1652.6532130241394,1670557179550,,200000000,460800,1.810936450958252,True
/home/afetz/bas-prototype/logs/stage24_rf_stress_final_20260605T132014Z/video_rx.jsonl,524,524,1780667341.317244,1673.2788889408112,1654.2206485271454,1672608814375,,200000000,460800,1.5674355030059814,True
/home/afetz/bas-prototype/logs/stage24_rf_stress_final_20260605T132014Z/video_rx.jsonl,525,525,1780667344.338087,1676.2997319698334,1657.2414915561676,1673573189954,,200000000,460800,3.020843029022217,True
/home/afetz/bas-prototype/logs/stage24_rf_stress_final_20260605T132014Z/video_rx.jsonl,526,526,1780667345.184142,1677.1457870006561,1658.0875465869904,1677077182542,,200000000,460800,0.8460550308227539,True
/home/afetz/bas-prototype/logs/stage24_rf_stress_final_20260605T132014Z/video_rx.jsonl,527,527,1780667348.0834596,1680.0451045036316,1660.9868640899658,1677680641293,,200000000,460800,2.899317502975464,True
/home/afetz/bas-prototype/logs/stage24_rf_stress_final_20260605T132014Z/video_rx.jsonl,528,528,1780667352.674912,1684.6365568637848,1665.578316450119,1683722175041,,200000000,460800,4.591452360153198,True
/home/afetz/bas-prototype/logs/stage24_rf_stress_final_20260605T132014Z/video_rx.jsonl,529,529,1780667354.7283654,1686.6900103092194,1667.6317698955536,1686138728363,,200000000,460800,2.0534534454345703,True
/home/afetz/bas-prototype/logs/stage24_rf_stress_final_20260605T132014Z/video_rx.jsonl,530,530,1780667355.6914897,1687.6531345844269,1668.594894170761,1687585957183,,200000000,460800,0.9631242752075195,True
/home/afetz/bas-prototype/logs/stage24_rf_stress_final_20260605T132014Z/video_rx.jsonl,531,531,1780667357.381676,1689.3433208465576,1670.2850804328918,1688310137554,,200000000,460800,1.6901862621307373,True
/home/afetz/bas-prototype/logs/stage24_rf_stress_final_20260605T132014Z/video_rx.jsonl,532,532,1780667359.7975101,1691.759155035019,1672.7009146213531,1689396688302,,200000000,460800,2.4158341884613037,True
/home/afetz/bas-prototype/logs/stage24_rf_stress_final_20260605T132014Z/video_rx.jsonl,533,533,1780667362.6943188,1694.6559636592865,1675.5977232456207,1692294110871,,200000000,460800,2.896808624267578,True
/home/afetz/bas-prototype/logs/stage24_rf_stress_final_20260605T132014Z/video_rx.jsonl,534,534,1780667364.6273906,1696.5890355110168,1677.530795097351,1695313231717,,200000000,460800,1.9330718517303467,True
/home/afetz/bas-prototype/logs/stage24_rf_stress_final_20260605T132014Z/video_rx.jsonl,535,535,1780667365.8347156,1697.7963604927063,1678.7381200790405,1697729214356,,200000000,460800,1.2073249816894531,True
/home/afetz/bas-prototype/logs/stage24_rf_stress_final_20260605T132014Z/video_rx.jsonl,536,536,1780667367.526949,1699.4885938167572,1680.4303534030914,1699421041232,,200000000,460800,1.6922333240509033,True
/home/afetz/bas-prototype/logs/stage24_rf_stress_final_20260605T132014Z/video_rx.jsonl,537,537,1780667389.025191,1720.9868359565735,1701.9285955429077,1717777044052,,200000000,460800,21.498242139816284,True
/home/afetz/bas-prototype/logs/stage24_rf_stress_final_20260605T132014Z/video_rx.jsonl,538,538,1780667390.959475,1722.92111992836,1703.8628795146942,1722491027687,,200000000,460800,1.934283971786499,True
/home/afetz/bas-prototype/logs/stage24_rf_stress_final_20260605T132014Z/video_rx.jsonl,539,539,1780667398.0849986,1730.0466434955597,1710.988403081894,1728650839363,,200000000,460800,7.125523567199707,True
/home/afetz/bas-prototype/logs/stage24_rf_stress_final_20260605T132014Z/video_rx.jsonl,540,540,1780667399.7743726,1731.7360174655914,1712.6777770519257,1730461605797,,200000000,460800,1.6893739700317383,True
/home/afetz/bas-prototype/logs/stage24_rf_stress_final_20260605T132014Z/video_rx.jsonl,541,541,1780667400.8600223,1732.8216671943665,1713.7634267807007,1732634084137,,200000000,460800,1.0856497287750244,True
/home/afetz/bas-prototype/logs/stage24_rf_stress_final_20260605T132014Z/video_rx.jsonl,542,542,1780667402.7908237,1734.752468585968,1715.6942281723022,1733719252911,,200000000,460800,1.9308013916015625,True
/home/afetz/bas-prototype/logs/stage24_rf_stress_final_20260605T132014Z/video_rx.jsonl,543,543,1780667404.5999072,1736.5615520477295,1717.5033116340637,1736373514651,,200000000,460800,1.8090834617614746,True
/home/afetz/bas-prototype/logs/stage24_rf_stress_final_20260605T132014Z/video_rx.jsonl,544,544,1780667409.55296,1741.5146048069,1722.4563643932343,1741205641857,,200000000,460800,4.953052759170532,True
/home/afetz/bas-prototype/logs/stage24_rf_stress_final_20260605T132014Z/video_rx.jsonl,545,545,1780667411.1222746,1743.0839195251465,1724.0256791114807,1743016668994,,200000000,460800,1.56931471824646,True
/home/afetz/bas-prototype/logs/stage24_rf_stress_final_20260605T132014Z/video_rx.jsonl,546,546,1780667413.8988419,1745.8604867458344,1726.8022463321686,1743861021741,,200000000,460800,2.776567220687866,True
/home/afetz/bas-prototype/logs/stage24_rf_stress_final_20260605T132014Z/video_rx.jsonl,547,547,1780667419.0911288,1751.0527737140656,1731.9945333003998,1747241956763,,200000000,460800,5.192286968231201,True
/home/afetz/bas-prototype/logs/stage24_rf_stress_final_20260605T132014Z/video_rx.jsonl,548,548,1780667420.6598067,1752.6214516162872,1733.5632112026215,1751708643199,,200000000,460800,1.5686779022216797,True
/home/afetz/bas-prototype/logs/stage24_rf_stress_final_20260605T132014Z/video_rx.jsonl,549,549,1780667422.9553874,1754.9170322418213,1735.8587918281555,1753158985353,,200000000,460800,2.2955806255340576,True
/home/afetz/bas-prototype/logs/stage24_rf_stress_final_20260605T132014Z/video_rx.jsonl,550,550,1780667424.7651198,1756.726764678955,1737.6685242652893,1755694495008,,200000000,460800,1.809732437133789,True
/home/afetz/bas-prototype/logs/stage24_rf_stress_final_20260605T132014Z/video_rx.jsonl,551,551,1780667426.5773277,1758.5389726161957,1739.48073220253,1757262472548,,200000000,460800,1.8122079372406006,True
/home/afetz/bas-prototype/logs/stage24_rf_stress_final_20260605T132014Z/video_rx.jsonl,552,552,1780667428.2672718,1760.22891664505,1741.1706762313843,1759920056076,,200000000,460800,1.6899440288543701,True
/home/afetz/bas-prototype/logs/stage24_rf_stress_final_20260605T132014Z/video_rx.jsonl,553,553,1780667429.7153783,1761.6770231723785,1742.6187827587128,1761127435903,,200000000,460800,1.4481065273284912,True
/home/afetz/bas-prototype/logs/stage24_rf_stress_final_20260605T132014Z/video_rx.jsonl,554,554,1780667432.2527812,1764.2144260406494,1745.1561856269836,1762695890952,,200000000,460800,2.537402868270874,True
/home/afetz/bas-prototype/logs/stage24_rf_stress_final_20260605T132014Z/video_rx.jsonl,555,555,1780667434.5462732,1766.5079181194305,1747.4496777057648,1764749362300,,200000000,460800,2.293492078781128,True
/home/afetz/bas-prototype/logs/stage24_rf_stress_final_20260605T132014Z/video_rx.jsonl,556,556,1780667437.2043746,1769.1660194396973,1750.1077790260315,1766681703015,,200000000,460800,2.6581013202667236,True
/home/afetz/bas-prototype/logs/stage24_rf_stress_final_20260605T132014Z/video_rx.jsonl,557,557,1780667442.278641,1774.240285873413,1755.1820454597473,1770672148073,,200000000,460800,5.07426643371582,True
/home/afetz/bas-prototype/logs/stage24_rf_stress_final_20260605T132014Z/video_rx.jsonl,558,558,1780667444.453425,1776.4150698184967,1757.356829404831,1775984722585,,200000000,460800,2.174783945083618,True
/home/afetz/bas-prototype/logs/stage24_rf_stress_final_20260605T132014Z/video_rx.jsonl,559,559,1780667448.0724971,1780.0341420173645,1760.9759016036987,1779484683096,,200000000,460800,3.619072198867798,True
/home/afetz/bas-prototype/logs/stage24_rf_stress_final_20260605T132014Z/video_rx.jsonl,560,560,1780667449.2811797,1781.2428245544434,1762.1845841407776,1780692315963,,200000000,460800,1.2086825370788574,True
/home/afetz/bas-prototype/logs/stage24_rf_stress_final_20260605T132014Z/video_rx.jsonl,561,561,1780667451.2153401,1783.1769850254059,1764.11874461174,1781781215056,,200000000,460800,1.9341604709625244,True
/home/afetz/bas-prototype/logs/stage24_rf_stress_final_20260605T132014Z/video_rx.jsonl,562,562,1780667452.9064617,1784.8681066036224,1765.8098661899567,1784800555758,,200000000,460800,1.6911215782165527,True
/home/afetz/bas-prototype/logs/stage24_rf_stress_final_20260605T132014Z/video_rx.jsonl,563,563,1780667456.8913314,1788.852976322174,1769.7947359085083,1785645898718,,200000000,460800,3.9848697185516357,True
/home/afetz/bas-prototype/logs/stage24_rf_stress_final_20260605T132014Z/video_rx.jsonl,564,564,1780667459.0672643,1791.0289092063904,1771.9706687927246,1789147241426,,200000000,460800,2.1759328842163086,True
/home/afetz/bas-prototype/logs/stage24_rf_stress_final_20260605T132014Z/video_rx.jsonl,565,565,1780667461.7216578,1793.683302640915,1774.6250622272491,1791441683180,,200000000,460800,2.654393434524536,True
/home/afetz/bas-prototype/logs/stage24_rf_stress_final_20260605T132014Z/video_rx.jsonl,566,566,1780667466.9142485,1798.875893354416,1779.8176529407501,1797480556528,,200000000,460800,5.192590713500977,True
/home/afetz/bas-prototype/logs/stage24_rf_stress_final_20260605T132014Z/video_rx.jsonl,567,567,1780667468.8513165,1800.8129613399506,1781.7547209262848,1799411809277,,200000000,460800,1.937067985534668,True
/home/afetz/bas-prototype/logs/stage24_rf_stress_final_20260605T132014Z/video_rx.jsonl,568,568,1780667473.195497,1805.1571419239044,1786.0989015102386,1802673602684,,200000000,460800,4.344180583953857,True
/home/afetz/bas-prototype/logs/stage24_rf_stress_final_20260605T132014Z/video_rx.jsonl,569,569,1780667474.884301,1806.8459458351135,1787.7877054214478,1805451076828,,200000000,460800,1.6888039112091064,True
/home/afetz/bas-prototype/logs/stage24_rf_stress_final_20260605T132014Z/video_rx.jsonl,570,570,1780667477.4212785,1809.3829233646393,1790.3246829509735,1807261096554,,200000000,460800,2.536977529525757,True
/home/afetz/bas-prototype/logs/stage24_rf_stress_final_20260605T132014Z/video_rx.jsonl,571,571,1780667480.8041928,1812.7658376693726,1793.7075972557068,1811368903013,,200000000,460800,3.3829143047332764,True
/home/afetz/bas-prototype/logs/stage24_rf_stress_final_20260605T132014Z/video_rx.jsonl,572,572,1780667483.0992715,1815.0609164237976,1796.0026760101318,1814751986119,,200000000,460800,2.295078754425049,True
/home/afetz/bas-prototype/logs/stage24_rf_stress_final_20260605T132014Z/video_rx.jsonl,573,573,1780667488.6578736,1820.6195185184479,1801.561278104782,1816684362789,,200000000,460800,5.5586020946502686,True
/home/afetz/bas-prototype/logs/stage24_rf_stress_final_20260605T132014Z/video_rx.jsonl,574,574,1780667490.7109554,1822.6726002693176,1803.6143598556519,1821275630413,,200000000,460800,2.053081750869751,True
/home/afetz/bas-prototype/logs/stage24_rf_stress_final_20260605T132014Z/video_rx.jsonl,575,575,1780667492.1599112,1824.1215560436249,1805.063315629959,1823932367151,,200000000,460800,1.448955774307251,True
/home/afetz/bas-prototype/logs/stage24_rf_stress_final_20260605T132014Z/video_rx.jsonl,576,576,1780667493.245309,1825.2069540023804,1806.1487135887146,1824897217172,,200000000,460800,1.0853979587554932,True
/home/afetz/bas-prototype/logs/stage24_rf_stress_final_20260605T132014Z/video_rx.jsonl,577,577,1780667496.0228574,1827.9845023155212,1808.9262619018555,1825500181798,,200000000,460800,2.777548313140869,True
/home/afetz/bas-prototype/logs/stage24_rf_stress_final_20260605T132014Z/video_rx.jsonl,578,578,1780667497.5925167,1829.5541615486145,1810.4959211349487,1829486716991,,200000000,460800,1.5696592330932617,True
/home/afetz/bas-prototype/logs/stage24_rf_stress_final_20260605T132014Z/video_rx.jsonl,579,579,1780667499.4035947,1831.3652396202087,1812.306999206543,1831297618638,,200000000,460800,1.8110780715942383,True
/home/afetz/bas-prototype/logs/stage24_rf_stress_final_20260605T132014Z/video_rx.jsonl,580,580,1780667501.2219236,1833.1835684776306,1814.1253280639648,1831901471575,,200000000,460800,1.818328857421875,True
/home/afetz/bas-prototype/logs/stage24_rf_stress_final_20260605T132014Z/video_rx.jsonl,581,581,1780667504.4776516,1836.4392964839935,1817.3810560703278,1833835515773,,200000000,460800,3.255728006362915,True
/home/afetz/bas-prototype/logs/stage24_rf_stress_final_20260605T132014Z/video_rx.jsonl,582,582,1780667506.1719186,1838.1335635185242,1819.0753231048584,1837820115075,,200000000,460800,1.6942670345306396,True
/home/afetz/bas-prototype/logs/stage24_rf_stress_final_20260605T132014Z/video_rx.jsonl,583,583,1780667510.998843,1842.9604878425598,1823.902247428894,1840114520382,,200000000,460800,4.8269243240356445,True
/home/afetz/bas-prototype/logs/stage24_rf_stress_final_20260605T132014Z/video_rx.jsonl,584,584,1780667513.2931325,1845.254777431488,1826.1965370178223,1843496924693,,200000000,460800,2.2942895889282227,True
/home/afetz/bas-prototype/logs/stage24_rf_stress_final_20260605T132014Z/video_rx.jsonl,585,585,1780667514.8624043,1846.8240492343903,1827.7658088207245,1846032453791,,200000000,460800,1.5692718029022217,True
/home/afetz/bas-prototype/logs/stage24_rf_stress_final_20260605T132014Z/video_rx.jsonl,586,586,1780667516.6720467,1848.6336915493011,1829.5754511356354,1847118013298,,200000000,460800,1.8096423149108887,True
/home/afetz/bas-prototype/logs/stage24_rf_stress_final_20260605T132014Z/video_rx.jsonl,587,587,1780667519.4491315,1851.4107763767242,1832.3525359630585,1848807821001,,200000000,460800,2.7770848274230957,True
/home/afetz/bas-prototype/logs/stage24_rf_stress_final_20260605T132014Z/video_rx.jsonl,588,588,1780667521.4970846,1853.458729505539,1834.4004890918732,1851584213781,,200000000,460800,2.0479531288146973,True
/home/afetz/bas-prototype/logs/stage24_rf_stress_final_20260605T132014Z/video_rx.jsonl,589,589,1780667523.8931692,1855.8548140525818,1836.796573638916,1853870100489,,200000000,460800,2.3960845470428467,True
/home/afetz/bas-prototype/logs/stage24_rf_stress_final_20260605T132014Z/video_rx.jsonl,590,590,1780667524.7306209,1856.6922657489777,1837.634025335312,1856624937183,,200000000,460800,0.837451696395874,True
/home/afetz/bas-prototype/logs/stage24_rf_stress_final_20260605T132014Z/video_rx.jsonl,591,591,1780667527.226437,1859.1880819797516,1840.1298415660858,1857458535496,,200000000,460800,2.495816230773926,True
/home/afetz/bas-prototype/logs/stage24_rf_stress_final_20260605T132014Z/video_rx.jsonl,592,592,1780667532.0438762,1864.0055210590363,1844.9472806453705,1859946872525,,200000000,460800,4.817439079284668,True
/home/afetz/bas-prototype/logs/stage24_rf_stress_final_20260605T132014Z/video_rx.jsonl,593,593,1780667534.7280452,1866.6896901130676,1847.6314496994019,1864985800141,,200000000,460800,2.684169054031372,True
/home/afetz/bas-prototype/logs/stage24_rf_stress_final_20260605T132014Z/video_rx.jsonl,594,594,1780667535.8887296,1867.8503744602203,1848.7921340465546,1867782956031,,200000000,460800,1.16068434715271,True
/home/afetz/bas-prototype/logs/stage24_rf_stress_final_20260605T132014Z/video_rx.jsonl,595,595,1780667538.7844274,1870.7460722923279,1851.687831878662,1868360622077,,200000000,460800,2.895697832107544,True
/home/afetz/bas-prototype/logs/stage24_rf_stress_final_20260605T132014Z/video_rx.jsonl,596,596,1780667540.524596,1872.4862408638,1853.4280004501343,1871373394100,,200000000,460800,1.740168571472168,True
/home/afetz/bas-prototype/logs/stage24_rf_stress_final_20260605T132014Z/video_rx.jsonl,597,597,1780667542.8395598,1874.8012046813965,1855.7429642677307,1872763446328,,200000000,460800,2.3149638175964355,True
/home/afetz/bas-prototype/logs/stage24_rf_stress_final_20260605T132014Z/video_rx.jsonl,598,598,1780667544.460348,1876.421992778778,1857.3637523651123,1875197123158,,200000000,460800,1.6207880973815918,True
/home/afetz/bas-prototype/logs/stage24_rf_stress_final_20260605T132014Z/video_rx.jsonl,599,599,1780667545.8493423,1877.8109872341156,1858.7527468204498,1877396119851,,200000000,460800,1.3889944553375244,True
/home/afetz/bas-prototype/logs/stage24_rf_stress_final_20260605T132014Z/video_rx.jsonl,600,600,1780667549.3175318,1881.2791767120361,1862.2209362983704,1880864878968,,200000000,460800,3.4681894779205322,True
/home/afetz/bas-prototype/logs/stage24_rf_stress_final_20260605T132014Z/video_rx.jsonl,601,601,1780667551.5178113,1883.4794561862946,1864.4212157726288,1883063494508,,200000000,460800,2.200279474258423,True
/home/afetz/bas-prototype/logs/stage24_rf_stress_final_20260605T132014Z/video_rx.jsonl,602,602,1780667556.7277238,1888.689368724823,1869.6311283111572,1884915966200,,200000000,460800,5.209912538528442,True
/home/afetz/bas-prototype/logs/stage24_rf_stress_final_20260605T132014Z/video_rx.jsonl,603,603,1780667558.232834,1890.1944789886475,1871.1362385749817,1889316846769,,200000000,460800,1.505110263824463,True
/home/afetz/bas-prototype/logs/stage24_rf_stress_final_20260605T132014Z/video_rx.jsonl,604,604,1780667559.1597052,1891.1213500499725,1872.0631096363068,1891053668414,,200000000,460800,0.9268710613250732,True
/home/afetz/bas-prototype/logs/stage24_rf_stress_final_20260605T132014Z/video_rx.jsonl,605,605,1780667561.821255,1893.7828998565674,1874.7246594429016,1891747333477,,200000000,460800,2.6615498065948486,True
/home/afetz/bas-prototype/logs/stage24_rf_stress_final_20260605T132014Z/video_rx.jsonl,606,606,1780667564.2513008,1896.2129456996918,1877.154705286026,1894062565656,,200000000,460800,2.4300458431243896,True
/home/afetz/bas-prototype/logs/stage24_rf_stress_final_20260605T132014Z/video_rx.jsonl,607,607,1780667565.8728838,1897.834528684616,1878.7762882709503,1896492260685,,200000000,460800,1.6215829849243164,True
/home/afetz/bas-prototype/logs/stage24_rf_stress_final_20260605T132014Z/video_rx.jsonl,608,608,1780667567.6053803,1899.5670251846313,1880.5087847709656,1899268049986,,200000000,460800,1.7324965000152588,True
/home/afetz/bas-prototype/logs/stage24_rf_stress_final_20260605T132014Z/video_rx.jsonl,609,609,1780667568.9926217,1900.9542665481567,1881.896026134491,1900886830560,,200000000,460800,1.3872413635253906,True
/home/afetz/bas-prototype/logs/stage24_rf_stress_final_20260605T132014Z/video_rx.jsonl,610,610,1780667572.1166177,1904.0782625675201,1885.0200221538544,1901235628075,,200000000,460800,3.1239960193634033,True
/home/afetz/bas-prototype/logs/stage24_rf_stress_final_20260605T132014Z/video_rx.jsonl,611,611,1780667573.2747223,1905.236367225647,1886.1781268119812,1905168849315,,200000000,460800,1.158104658126831,True
/home/afetz/bas-prototype/logs/stage24_rf_stress_final_20260605T132014Z/video_rx.jsonl,612,612,1780667578.4891112,1910.450756072998,1891.3925156593323,1905630581230,,200000000,460800,5.214388847351074,True
/home/afetz/bas-prototype/logs/stage24_rf_stress_final_20260605T132014Z/video_rx.jsonl,613,613,1780667580.3430133,1912.3046581745148,1893.246417760849,1911888750667,,200000000,460800,1.8539021015167236,True
/home/afetz/bas-prototype/logs/stage24_rf_stress_final_20260605T132014Z/video_rx.jsonl,614,614,1780667581.8486416,1913.8102865219116,1894.7520461082458,1913510718805,,200000000,460800,1.5056283473968506,True
/home/afetz/bas-prototype/logs/stage24_rf_stress_final_20260605T132014Z/video_rx.jsonl,615,615,1780667583.6990917,1915.6607365608215,1896.6024961471558,1914668094727,,200000000,460800,1.850450038909912,True
/home/afetz/bas-prototype/logs/stage24_rf_stress_final_20260605T132014Z/video_rx.jsonl,616,616,1780667584.7411263,1916.7027711868286,1897.6445307731628,1916287630939,,200000000,460800,1.04203462600708,True
/home/afetz/bas-prototype/logs/stage24_rf_stress_final_20260605T132014Z/video_rx.jsonl,617,617,1780667586.823311,1918.7849559783936,1899.7267155647278,1917561580765,,200000000,460800,2.0821847915649414,True
/home/afetz/bas-prototype/logs/stage24_rf_stress_final_20260605T132014Z/video_rx.jsonl,618,618,1780667588.675758,1920.6374027729034,1901.5791623592377,1920222447040,,200000000,460800,1.8524467945098877,True
/home/afetz/bas-prototype/logs/stage24_rf_stress_final_20260605T132014Z/video_rx.jsonl,619,619,1780667590.7613053,1922.722950220108,1903.6647098064423,1922423610478,,200000000,460800,2.08554744720459,True
/home/afetz/bas-prototype/logs/stage24_rf_stress_final_20260605T132014Z/video_rx.jsonl,620,620,1780667593.1922715,1925.1539163589478,1906.095675945282,1924623369113,,200000000,460800,2.4309661388397217,True
/home/afetz/bas-prototype/logs/stage24_rf_stress_final_20260605T132014Z/video_rx.jsonl,621,621,1780667595.7417943,1927.7034392356873,1908.6451988220215,1925894857465,,200000000,460800,2.549522876739502,True
/home/afetz/bas-prototype/logs/stage24_rf_stress_final_20260605T132014Z/video_rx.jsonl,622,622,1780667602.0277393,1933.989384174347,1914.9311437606812,1932231887891,,200000000,460800,6.285944938659668,True
/home/afetz/bas-prototype/logs/stage24_rf_stress_final_20260605T132014Z/video_rx.jsonl,623,623,1780667604.359248,1936.3208928108215,1917.2626523971558,1934591138468,,200000000,460800,2.3315086364746094,True
/home/afetz/bas-prototype/logs/stage24_rf_stress_final_20260605T132014Z/video_rx.jsonl,624,624,1780667605.5658762,1937.5275211334229,1918.469280719757,1937351371529,,200000000,460800,1.2066283226013184,True
/home/afetz/bas-prototype/logs/stage24_rf_stress_final_20260605T132014Z/video_rx.jsonl,625,625,1780667607.2959409,1939.2575857639313,1920.1993453502655,1938867067421,,200000000,460800,1.7300646305084229,True
/home/afetz/bas-prototype/logs/stage24_rf_stress_final_20260605T132014Z/video_rx.jsonl,626,626,1780667609.6363335,1941.5979783535004,1922.5397379398346,1939938587593,,200000000,460800,2.340392589569092,True
/home/afetz/bas-prototype/logs/stage24_rf_stress_final_20260605T132014Z/video_rx.jsonl,627,627,1780667611.312612,1943.2742569446564,1924.2160165309906,1942892963214,,200000000,460800,1.6762785911560059,True
/home/afetz/bas-prototype/logs/stage24_rf_stress_final_20260605T132014Z/video_rx.jsonl,628,628,1780667613.076049,1945.037693977356,1925.9794535636902,1944347127051,,200000000,460800,1.763437032699585,True
/home/afetz/bas-prototype/logs/stage24_rf_stress_final_20260605T132014Z/video_rx.jsonl,629,629,1780667614.5309937,1946.4926385879517,1927.434398174286,1946212986800,,200000000,460800,1.4549446105957031,True
/home/afetz/bas-prototype/logs/stage24_rf_stress_final_20260605T132014Z/video_rx.jsonl,630,630,1780667616.60069,1948.5623347759247,1929.504094362259,1948287179003,,200000000,460800,2.0696961879730225,True
/home/afetz/bas-prototype/logs/stage24_rf_stress_final_20260605T132014Z/video_rx.jsonl,631,631,1780667621.4768326,1953.4384775161743,1934.3802371025085,1949945715780,,200000000,460800,4.876142740249634,True
/home/afetz/bas-prototype/logs/stage24_rf_stress_final_20260605T132014Z/video_rx.jsonl,632,632,1780667622.7242467,1954.6858916282654,1935.6276512145996,1954513719586,,200000000,460800,1.2474141120910645,True
/home/afetz/bas-prototype/logs/stage24_rf_stress_final_20260605T132014Z/video_rx.jsonl,633,633,1780667623.8653312,1955.8269760608673,1936.7687356472015,1955550839671,,200000000,460800,1.1410844326019287,True
/home/afetz/bas-prototype/logs/stage24_rf_stress_final_20260605T132014Z/video_rx.jsonl,634,634,1780667625.730527,1957.6921718120575,1938.6339313983917,1956277473323,,200000000,460800,1.8651957511901855,True
/home/afetz/bas-prototype/logs/stage24_rf_stress_final_20260605T132014Z/video_rx.jsonl,635,635,1780667627.3895233,1959.3511681556702,1940.2929277420044,1958142594979,,200000000,460800,1.658996343612671,True
/home/afetz/bas-prototype/logs/stage24_rf_stress_final_20260605T132014Z/video_rx.jsonl,636,636,1780667629.6742644,1961.635909318924,1942.5776689052582,1960945741116,,200000000,460800,2.284741163253784,True
/home/afetz/bas-prototype/logs/stage24_rf_stress_final_20260605T132014Z/video_rx.jsonl,637,637,1780667631.3343272,1963.295972108841,1944.2377316951752,1962917514184,,200000000,460800,1.6600627899169922,True
/home/afetz/bas-prototype/logs/stage24_rf_stress_final_20260605T132014Z/video_rx.jsonl,638,638,1780667633.4088297,1965.37047457695,1946.3122341632843,1963849044391,,200000000,460800,2.074502468109131,True
/home/afetz/bas-prototype/logs/stage24_rf_stress_final_20260605T132014Z/video_rx.jsonl,639,639,1780667634.444944,1966.406588792801,1947.3483483791351,1965924366124,,200000000,460800,1.03611421585083,True
/home/afetz/bas-prototype/logs/stage24_rf_stress_final_20260605T132014Z/video_rx.jsonl,640,640,1780667636.1054714,1968.0671162605286,1949.0088758468628,1966857311961,,200000000,460800,1.6605274677276611,True
/home/afetz/bas-prototype/logs/stage24_rf_stress_final_20260605T132014Z/video_rx.jsonl,641,641,1780667640.262794,1972.224438905716,1953.1661984920502,1971636700163,,200000000,460800,4.157322645187378,True
/home/afetz/bas-prototype/logs/stage24_rf_stress_final_20260605T132014Z/video_rx.jsonl,642,642,1780667641.8192716,1973.7809164524078,1954.722676038742,1973511742513,,200000000,460800,1.5564775466918945,True
/home/afetz/bas-prototype/logs/stage24_rf_stress_final_20260605T132014Z/video_rx.jsonl,643,643,1780667643.8968122,1975.8584570884705,1956.8002166748047,1974751511223,,200000000,460800,2.077540636062622,True
/home/afetz/bas-prototype/logs/stage24_rf_stress_final_20260605T132014Z/video_rx.jsonl,644,644,1780667645.6600642,1977.6217091083527,1958.563468694687,1976308492366,,200000000,460800,1.7632520198822021,True
/home/afetz/bas-prototype/logs/stage24_rf_stress_final_20260605T132014Z/video_rx.jsonl,645,645,1780667647.6314301,1979.5930750370026,1960.5348346233368,1978175975553,,200000000,460800,1.9713659286499023,True
/home/afetz/bas-prototype/logs/stage24_rf_stress_final_20260605T132014Z/video_rx.jsonl,646,646,1780667649.8117368,1981.7733817100525,1962.7151412963867,1981185028689,,200000000,460800,2.1803066730499268,True
/home/afetz/bas-prototype/logs/stage24_rf_stress_final_20260605T132014Z/video_rx.jsonl,647,647,1780667652.0928903,1984.054535150528,1964.9962947368622,1983363199744,,200000000,460800,2.281153440475464,True
/home/afetz/bas-prototype/logs/stage24_rf_stress_final_20260605T132014Z/video_rx.jsonl,648,648,1780667653.440835,1985.4024798870087,1966.344239473343,1985126431943,,200000000,460800,1.347944736480713,True
/home/afetz/bas-prototype/logs/stage24_rf_stress_final_20260605T132014Z/video_rx.jsonl,649,649,1780667654.4775693,1986.4392142295837,1967.380973815918,1986268209367,,200000000,460800,1.0367343425750732,True
/home/afetz/bas-prototype/logs/stage24_rf_stress_final_20260605T132014Z/video_rx.jsonl,650,650,1780667656.9700756,1988.931720495224,1969.8734800815582,1988239710612,,200000000,460800,2.492506265640259,True
/home/afetz/bas-prototype/logs/stage24_rf_stress_final_20260605T132014Z/video_rx.jsonl,651,651,1780667660.7077968,1992.6694416999817,1973.611201286316,1990213912891,,200000000,460800,3.7377212047576904,True
/home/afetz/bas-prototype/logs/stage24_rf_stress_final_20260605T132014Z/video_rx.jsonl,652,652,1780667662.3669076,1994.3285524845123,1975.2703120708466,1993430235528,,200000000,460800,1.6591107845306396,True
/home/afetz/bas-prototype/logs/stage24_rf_stress_final_20260605T132014Z/video_rx.jsonl,653,653,1780667663.1960318,1995.1576766967773,1976.0994362831116,1994779680045,,200000000,460800,0.8291242122650146,True
/home/afetz/bas-prototype/logs/stage24_rf_stress_final_20260605T132014Z/video_rx.jsonl,654,654,1780667667.3318064,1999.293451309204,1980.2352108955383,1999122501854,,200000000,460800,4.135774612426758,True
/home/afetz/bas-prototype/logs/stage24_rf_stress_final_20260605T132014Z/video_rx.jsonl,655,655,1780667674.366248,2006.327892780304,1987.2696523666382,2006053310476,,200000000,460800,7.0344414710998535,True
/home/afetz/bas-prototype/logs/stage24_rf_stress_final_20260605T132014Z/video_rx.jsonl,656,656,1780667688.006842,2019.9684867858887,2000.910246372223,2019797244390,,200000000,460800,13.640594005584717,True
/home/afetz/bas-prototype/logs/stage24_rf_stress_final_20260605T132014Z/video_rx.jsonl,657,657,1780667704.9587388,2036.9203836917877,2017.862143278122,2036647264871,,200000000,460800,16.951896905899048,True
/home/afetz/bas-prototype/logs/stage24_rf_stress_final_20260605T132014Z/video_rx.jsonl,658,658,1780667850.7969155,2182.7585604190826,2163.700320005417,2182172138757,,200000000,460800,145.83817672729492,True
/home/afetz/bas-prototype/logs/stage24_rf_stress_final_20260605T132014Z/video_rx.jsonl,659,659,1780667852.1479886,2184.1096334457397,2165.051393032074,2183831669982,,200000000,460800,1.3510730266571045,True
/home/afetz/bas-prototype/logs/stage24_rf_stress_final_20260605T132014Z/video_rx.jsonl,660,660,1780667857.6421378,2189.6037826538086,2170.545542240143,2185077790052,,200000000,460800,5.494149208068848,True
/home/afetz/bas-prototype/logs/stage24_rf_stress_final_20260605T132014Z/video_rx.jsonl,661,661,1780667860.7537239,2192.715368747711,2173.6571283340454,2192336977361,,200000000,460800,3.111586093902588,True
/home/afetz/bas-prototype/logs/stage24_rf_stress_final_20260605T132014Z/video_rx.jsonl,662,662,1780667863.45228,2195.41392493248,2176.355684518814,2193892717417,,200000000,460800,2.6985561847686768,True
/home/afetz/bas-prototype/logs/stage24_rf_stress_final_20260605T132014Z/video_rx.jsonl,663,663,1780667867.084508,2199.046152830124,2179.987912416458,2198043050729,,200000000,460800,3.632227897644043,True
/home/afetz/bas-prototype/logs/stage24_rf_stress_final_20260605T132014Z/video_rx.jsonl,664,664,1780667868.1163647,2200.0780096054077,2181.019769191742,2199907787290,,200000000,460800,1.0318567752838135,True
/home/afetz/bas-prototype/logs/stage24_rf_stress_final_20260605T132014Z/video_rx.jsonl,665,665,1780667869.245739,2201.2073838710785,2182.1491434574127,2201139459489,,200000000,460800,1.1293742656707764,True
/home/afetz/bas-prototype/logs/stage24_rf_stress_final_20260605T132014Z/video_rx.jsonl,666,666,1780667870.3787808,2202.3404257297516,2183.282185316086,2202167645322,,200000000,460800,1.1330418586730957,True
/home/afetz/bas-prototype/logs/stage24_rf_stress_final_20260605T132014Z/video_rx.jsonl,667,667,1780667872.510264,2204.4719088077545,2185.4136683940887,2203999145976,,200000000,460800,2.1314830780029297,True
/home/afetz/bas-prototype/logs/stage24_rf_stress_final_20260605T132014Z/video_rx.jsonl,668,668,1780667874.114253,2206.0758979320526,2187.017657518387,2205409063114,,200000000,460800,1.6039891242980957,True
/home/afetz/bas-prototype/logs/stage24_rf_stress_final_20260605T132014Z/video_rx.jsonl,669,669,1780667875.5963316,2207.5579764842987,2188.499736070633,2207193984254,,200000000,460800,1.4820785522460938,True
/home/afetz/bas-prototype/logs/stage24_rf_stress_final_20260605T132014Z/video_rx.jsonl,670,670,1780667877.636885,2209.598529815674,2190.540289402008,2208563657550,,200000000,460800,2.040553331375122,True
/home/afetz/bas-prototype/logs/stage24_rf_stress_final_20260605T132014Z/video_rx.jsonl,671,671,1780667878.783385,2210.7450299263,2191.6867895126343,2210201025917,,200000000,460800,1.1465001106262207,True
/home/afetz/bas-prototype/logs/stage24_rf_stress_final_20260605T132014Z/video_rx.jsonl,672,672,1780667880.4758718,2212.4375166893005,2193.3792762756348,2212089320720,,200000000,460800,1.6924867630004883,True
/home/afetz/bas-prototype/logs/stage24_rf_stress_final_20260605T132014Z/video_rx.jsonl,673,673,1780667883.7657328,2215.727377653122,2196.669137239456,2214847397706,,200000000,460800,3.289860963821411,True
/home/afetz/bas-prototype/logs/stage24_rf_stress_final_20260605T132014Z/video_rx.jsonl,674,674,1780667884.8319976,2216.7936425209045,2197.7354021072388,2216636952355,,200000000,460800,1.0662648677825928,True
/home/afetz/bas-prototype/logs/stage24_rf_stress_final_20260605T132014Z/video_rx.jsonl,675,675,1780667886.236026,2218.1976709365845,2199.1394305229187,2217866237576,,200000000,460800,1.4040284156799316,True
/home/afetz/bas-prototype/logs/stage24_rf_stress_final_20260605T132014Z/video_rx.jsonl,676,676,1780667887.455887,2219.417531967163,2200.3592915534973,2219259348481,,200000000,460800,1.2198610305786133,True
/home/afetz/bas-prototype/logs/stage24_rf_stress_final_20260605T132014Z/video_rx.jsonl,677,677,1780667888.752981,2220.7146258354187,2201.656385421753,2220560231753,,200000000,460800,1.2970938682556152,True
/home/afetz/bas-prototype/logs/stage24_rf_stress_final_20260605T132014Z/video_rx.jsonl,678,678,1780667890.0529943,2222.0146391391754,2202.9563987255096,2221773473117,,200000000,460800,1.3000133037567139,True
/home/afetz/bas-prototype/logs/stage24_rf_stress_final_20260605T132014Z/video_rx.jsonl,679,679,1780667891.3537798,2223.31542468071,2204.257184267044,2223161369939,,200000000,460800,1.3007855415344238,True
/home/afetz/bas-prototype/logs/stage24_rf_stress_final_20260605T132014Z/video_rx.jsonl,680,680,1780667892.9159079,2224.8775527477264,2205.8193123340607,2224116713524,,200000000,460800,1.5621280670166016,True
/home/afetz/bas-prototype/logs/stage24_rf_stress_final_20260605T132014Z/video_rx.jsonl,681,681,1780667894.0452194,2226.006864309311,2206.948623895645,2225764306530,,200000000,460800,1.1293115615844727,True
/home/afetz/bas-prototype/logs/stage24_rf_stress_final_20260605T132014Z/video_rx.jsonl,682,682,1780667895.605143,2227.566787958145,2208.5085475444794,2227325228590,,200000000,460800,1.5599236488342285,True
/home/afetz/bas-prototype/logs/stage24_rf_stress_final_20260605T132014Z/video_rx.jsonl,683,683,1780667899.3361993,2231.297844171524,2212.2396037578583,2230274006829,,200000000,460800,3.7310562133789062,True
/home/afetz/bas-prototype/logs/stage24_rf_stress_final_20260605T132014Z/video_rx.jsonl,684,684,1780667900.4635835,2232.425228357315,2213.3669879436493,2232270137852,,200000000,460800,1.1273841857910156,True
/home/afetz/bas-prototype/logs/stage24_rf_stress_final_20260605T132014Z/video_rx.jsonl,685,685,1780667901.7624707,2233.7241156101227,2214.665875196457,2233483659245,,200000000,460800,1.2988872528076172,True
/home/afetz/bas-prototype/logs/stage24_rf_stress_final_20260605T132014Z/video_rx.jsonl,686,686,1780667903.1517708,2235.1134157180786,2216.055175304413,2234870766511,,200000000,460800,1.3893001079559326,True
/home/afetz/bas-prototype/logs/stage24_rf_stress_final_20260605T132014Z/video_rx.jsonl,687,687,1780667904.278376,2236.2400209903717,2217.181780576706,2236172052769,,200000000,460800,1.1266052722930908,True
/home/afetz/bas-prototype/logs/stage24_rf_stress_final_20260605T132014Z/video_rx.jsonl,688,688,1780667905.3180869,2237.2797317504883,2218.2214913368225,2237125119958,,200000000,460800,1.0397107601165771,True
/home/afetz/bas-prototype/logs/stage24_rf_stress_final_20260605T132014Z/video_rx.jsonl,689,689,1780667906.7941475,2238.7557923793793,2219.6975519657135,2238254047213,,200000000,460800,1.4760606288909912,True
/home/afetz/bas-prototype/logs/stage24_rf_stress_final_20260605T132014Z/video_rx.jsonl,690,690,1780667908.0965984,2240.0582432746887,2221.000002861023,2239817151760,,200000000,460800,1.3024508953094482,True
/home/afetz/bas-prototype/logs/stage24_rf_stress_final_20260605T132014Z/video_rx.jsonl,691,691,1780667909.5735893,2241.5352342128754,2222.4769937992096,2241292797874,,200000000,460800,1.4769909381866455,True
/home/afetz/bas-prototype/logs/stage24_rf_stress_final_20260605T132014Z/video_rx.jsonl,692,692,1780667910.7009866,2242.6626315116882,2223.6043910980225,2242509325808,,200000000,460800,1.1273972988128662,True
/home/afetz/bas-prototype/logs/stage24_rf_stress_final_20260605T132014Z/video_rx.jsonl,693,693,1780667914.434995,2246.3966398239136,2227.338399410248,2245371783292,,200000000,460800,3.734008312225342,True
/home/afetz/bas-prototype/logs/stage24_rf_stress_final_20260605T132014Z/video_rx.jsonl,694,694,1780667915.388659,2247.350303888321,2228.292063474655,2247195694456,,200000000,460800,0.9536640644073486,True
/home/afetz/bas-prototype/logs/stage24_rf_stress_final_20260605T132014Z/video_rx.jsonl,695,695,1780667916.516466,2248.4781107902527,2229.419870376587,2248324253314,,200000000,460800,1.1278069019317627,True
/home/afetz/bas-prototype/logs/stage24_rf_stress_final_20260605T132014Z/video_rx.jsonl,696,696,1780667917.8196366,2249.7812814712524,2230.7230410575867,2249538836502,,200000000,460800,1.3031706809997559,True
/home/afetz/bas-prototype/logs/stage24_rf_stress_final_20260605T132014Z/video_rx.jsonl,697,697,1780667919.1191752,2251.080820083618,2232.0225796699524,2250579857292,,200000000,460800,1.2995386123657227,True
/home/afetz/bas-prototype/logs/stage24_rf_stress_final_20260605T132014Z/video_rx.jsonl,698,698,1780667920.5920148,2252.5536596775055,2233.4954192638397,2252311698473,,200000000,460800,1.472839593887329,True
/home/afetz/bas-prototype/logs/stage24_rf_stress_final_20260605T132014Z/video_rx.jsonl,699,699,1780667922.1529644,2254.1146092414856,2235.05636882782,2253873070568,,200000000,460800,1.5609495639801025,True
/home/afetz/bas-prototype/logs/stage24_rf_stress_final_20260605T132014Z/video_rx.jsonl,700,700,1780667923.4539282,2255.415573120117,2236.3573327064514,2255261078824,,200000000,460800,1.3009638786315918,True
/home/afetz/bas-prototype/logs/stage24_rf_stress_final_20260605T132014Z/video_rx.jsonl,701,701,1780667925.0151389,2256.9767837524414,2237.9185433387756,2256735998322,,200000000,460800,1.5612106323242188,True
/home/afetz/bas-prototype/logs/stage24_rf_stress_final_20260605T132014Z/video_rx.jsonl,702,702,1780667927.364199,2259.325843811035,2240.2676033973694,2258819994423,,200000000,460800,2.34906005859375,True
/home/afetz/bas-prototype/logs/stage24_rf_stress_final_20260605T132014Z/video_rx.jsonl,703,703,1780667930.5745456,2262.536190509796,2243.4779500961304,2260816533855,,200000000,460800,3.2103466987609863,True
/home/afetz/bas-prototype/logs/stage24_rf_stress_final_20260605T132014Z/video_rx.jsonl,704,704,1780667931.5259721,2263.4876170158386,2244.429376602173,2263333903485,,200000000,460800,0.9514265060424805,True
/home/afetz/bas-prototype/logs/stage24_rf_stress_final_20260605T132014Z/video_rx.jsonl,705,705,1780667932.3057814,2264.267426252365,2245.2091858386993,2264199758651,,200000000,460800,0.7798092365264893,True
/home/afetz/bas-prototype/logs/stage24_rf_stress_final_20260605T132014Z/video_rx.jsonl,706,706,1780667933.7830508,2265.744695663452,2246.6864552497864,2265416224556,,200000000,460800,1.4772694110870361,True
/home/afetz/bas-prototype/logs/stage24_rf_stress_final_20260605T132014Z/video_rx.jsonl,707,707,1780667935.1699853,2267.1316301822662,2248.0733897686005,2266456686635,,200000000,460800,1.386934518814087,True
/home/afetz/bas-prototype/logs/stage24_rf_stress_final_20260605T132014Z/video_rx.jsonl,708,708,1780667936.3849456,2268.3465905189514,2249.2883501052856,2268018272719,,200000000,460800,1.2149603366851807,True
/home/afetz/bas-prototype/logs/stage24_rf_stress_final_20260605T132014Z/video_rx.jsonl,709,709,1780667937.8625252,2269.82417011261,2250.765929698944,2269494014014,,200000000,460800,1.4775795936584473,True
/home/afetz/bas-prototype/logs/stage24_rf_stress_final_20260605T132014Z/video_rx.jsonl,710,710,1780667939.0759554,2271.0376002788544,2251.9793598651886,2270794590990,,200000000,460800,1.2134301662445068,True
/home/afetz/bas-prototype/logs/stage24_rf_stress_final_20260605T132014Z/video_rx.jsonl,711,711,1780667940.46207,2272.423714876175,2253.365474462509,2272181025919,,200000000,460800,1.3861145973205566,True
/home/afetz/bas-prototype/logs/stage24_rf_stress_final_20260605T132014Z/video_rx.jsonl,712,712,1780667941.9356725,2273.8973174095154,2254.8390769958496,2273569491550,,200000000,460800,1.473602533340454,True
/home/afetz/bas-prototype/logs/stage24_rf_stress_final_20260605T132014Z/video_rx.jsonl,713,713,1780667944.88922,2276.8508648872375,2257.792624473572,2276087413780,,200000000,460800,2.953547477722168,True
/home/afetz/bas-prototype/logs/stage24_rf_stress_final_20260605T132014Z/video_rx.jsonl,714,714,1780667945.755462,2277.717106819153,2258.658866405487,2277648903228,,200000000,460800,0.8662419319152832,True
/home/afetz/bas-prototype/logs/stage24_rf_stress_final_20260605T132014Z/video_rx.jsonl,715,715,1780667947.0571907,2279.018835544586,2259.9605951309204,2278777103505,,200000000,460800,1.3017287254333496,True
/home/afetz/bas-prototype/logs/stage24_rf_stress_final_20260605T132014Z/video_rx.jsonl,716,716,1780667948.6175992,2280.5792441368103,2261.5210037231445,2280338724272,,200000000,460800,1.560408592224121,True
/home/afetz/bas-prototype/logs/stage24_rf_stress_final_20260605T132014Z/video_rx.jsonl,717,717,1780667950.2688391,2282.230484008789,2263.1722435951233,2281814787872,,200000000,460800,1.6512398719787598,True
/home/afetz/bas-prototype/logs/stage24_rf_stress_final_20260605T132014Z/video_rx.jsonl,718,718,1780667951.4820557,2283.4437005519867,2264.385460138321,2283290051869,,200000000,460800,1.2132165431976318,True
/home/afetz/bas-prototype/logs/stage24_rf_stress_final_20260605T132014Z/video_rx.jsonl,719,719,1780667952.6094518,2284.5710966587067,2265.512856245041,2284416893780,,200000000,460800,1.1273961067199707,True
/home/afetz/bas-prototype/logs/stage24_rf_stress_final_20260605T132014Z/video_rx.jsonl,720,720,1780667954.4327981,2286.3944430351257,2267.33620262146,2286065135279,,200000000,460800,1.8233463764190674,True
/home/afetz/bas-prototype/logs/stage24_rf_stress_final_20260605T132014Z/video_rx.jsonl,721,721,1780667956.0807812,2288.042426109314,2268.984185695648,2287800869700,,200000000,460800,1.6479830741882324,True
/home/afetz/bas-prototype/logs/stage24_rf_stress_final_20260605T132014Z/video_rx.jsonl,722,722,1780667957.0335975,2288.995242357254,2269.9370019435883,2288841603595,,200000000,460800,0.9528162479400635,True
/home/afetz/bas-prototype/logs/stage24_rf_stress_final_20260605T132014Z/video_rx.jsonl,723,723,1780667960.510183,2292.471827983856,2273.4135875701904,2291531619399,,200000000,460800,3.476585626602173,True
/home/afetz/bas-prototype/logs/stage24_rf_stress_final_20260605T132014Z/video_rx.jsonl,724,724,1780667961.4605002,2293.42214512825,2274.3639047145844,2293353802501,,200000000,460800,0.9503171443939209,True
/home/afetz/bas-prototype/logs/stage24_rf_stress_final_20260605T132014Z/video_rx.jsonl,725,725,1780667962.6735046,2294.6351494789124,2275.5769090652466,2294480817407,,200000000,460800,1.2130043506622314,True
/home/afetz/bas-prototype/logs/stage24_rf_stress_final_20260605T132014Z/video_rx.jsonl,726,726,1780667963.886842,2295.8484869003296,2276.790246486664,2295694270293,,200000000,460800,1.2133374214172363,True
/home/afetz/bas-prototype/logs/stage24_rf_stress_final_20260605T132014Z/video_rx.jsonl,727,727,1780667966.055705,2298.01734995842,2278.959109544754,2297515150088,,200000000,460800,2.16886305809021,True
/home/afetz/bas-prototype/logs/stage24_rf_stress_final_20260605T132014Z/video_rx.jsonl,728,728,1780667967.5293553,2299.491000175476,2280.4327597618103,2299164021021,,200000000,460800,1.4736502170562744,True
/home/afetz/bas-prototype/logs/stage24_rf_stress_final_20260605T132014Z/video_rx.jsonl,729,729,1780667968.572361,2300.534005880356,2281.47576546669,2300288652737,,200000000,460800,1.0430057048797607,True
/home/afetz/bas-prototype/logs/stage24_rf_stress_final_20260605T132014Z/video_rx.jsonl,730,730,1780667969.9557793,2301.9174242019653,2282.8591837882996,2301676081757,,200000000,460800,1.383418321609497,True
/home/afetz/bas-prototype/logs/stage24_rf_stress_final_20260605T132014Z/video_rx.jsonl,731,731,1780667971.5178354,2303.479480266571,2284.4212398529053,2303064547094,,200000000,460800,1.562056064605713,True
/home/afetz/bas-prototype/logs/stage24_rf_stress_final_20260605T132014Z/video_rx.jsonl,732,732,1780667973.2535691,2305.2152140140533,2286.1569736003876,2304714813634,,200000000,460800,1.7357337474822998,True
/home/afetz/bas-prototype/logs/stage24_rf_stress_final_20260605T132014Z/video_rx.jsonl,733,733,1780667977.0689995,2309.030644416809,2289.9724040031433,2306620352472,,200000000,460800,3.8154304027557373,True
/home/afetz/bas-prototype/logs/stage24_rf_stress_final_20260605T132014Z/video_rx.jsonl,734,734,1780667977.7650533,2309.7266981601715,2290.6684577465057,2309570562590,,200000000,460800,0.6960537433624268,True
/home/afetz/bas-prototype/logs/stage24_rf_stress_final_20260605T132014Z/video_rx.jsonl,735,735,1780667978.9806974,2310.9423422813416,2291.884101867676,2310696265945,,200000000,460800,1.215644121170044,True
/home/afetz/bas-prototype/logs/stage24_rf_stress_final_20260605T132014Z/video_rx.jsonl,736,736,1780667980.1037865,2312.06543135643,2293.0071909427643,2311910879373,,200000000,460800,1.123089075088501,True
/home/afetz/bas-prototype/logs/stage24_rf_stress_final_20260605T132014Z/video_rx.jsonl,737,737,1780667981.7514331,2313.713078022003,2294.6548376083374,2312951551501,,200000000,460800,1.6476466655731201,True
/home/afetz/bas-prototype/logs/stage24_rf_stress_final_20260605T132014Z/video_rx.jsonl,738,738,1780667983.4000187,2315.361663579941,2296.303423166275,2314946485719,,200000000,460800,1.648585557937622,True
/home/afetz/bas-prototype/logs/stage24_rf_stress_final_20260605T132014Z/video_rx.jsonl,739,739,1780667985.1339679,2317.0956127643585,2298.0373723506927,2316246616946,,200000000,460800,1.7339491844177246,True
/home/afetz/bas-prototype/logs/stage24_rf_stress_final_20260605T132014Z/video_rx.jsonl,740,740,1780667986.5241344,2318.485779285431,2299.427538871765,2318069857856,,200000000,460800,1.3901665210723877,True
/home/afetz/bas-prototype/logs/stage24_rf_stress_final_20260605T132014Z/video_rx.jsonl,741,741,1780667987.9143586,2319.8760035037994,2300.8177630901337,2319547560843,,200000000,460800,1.3902242183685303,True
/home/afetz/bas-prototype/logs/stage24_rf_stress_final_20260605T132014Z/video_rx.jsonl,742,742,1780667989.3019366,2321.2635815143585,2302.2053411006927,2320935003589,,200000000,460800,1.387578010559082,True
/home/afetz/bas-prototype/logs/stage24_rf_stress_final_20260605T132014Z/video_rx.jsonl,743,743,1780667993.0367277,2324.998372554779,2305.9401321411133,2323973534069,,200000000,460800,3.7347910404205322,True
/home/afetz/bas-prototype/logs/stage24_rf_stress_final_20260605T132014Z/video_rx.jsonl,744,744,1780667993.9014208,2325.8630657196045,2306.8048253059387,2325709199201,,200000000,460800,0.8646931648254395,True
/home/afetz/bas-prototype/logs/stage24_rf_stress_final_20260605T132014Z/video_rx.jsonl,745,745,1780667995.203061,2327.164705991745,2308.106465578079,2326922398778,,200000000,460800,1.301640272140503,True
/home/afetz/bas-prototype/logs/stage24_rf_stress_final_20260605T132014Z/video_rx.jsonl,746,746,1780667996.3289275,2328.2905724048615,2309.2323319911957,2328136647592,,200000000,460800,1.125866413116455,True
/home/afetz/bas-prototype/logs/stage24_rf_stress_final_20260605T132014Z/video_rx.jsonl,747,747,1780667997.8926098,2329.854254722595,2310.7960143089294,2329525309064,,200000000,460800,1.5636823177337646,True
/home/afetz/bas-prototype/logs/stage24_rf_stress_final_20260605T132014Z/video_rx.jsonl,748,748,1780667999.3666105,2331.3282554149628,2312.270015001297,2330999691388,,200000000,460800,1.4740006923675537,True
/home/afetz/bas-prototype/logs/stage24_rf_stress_final_20260605T132014Z/video_rx.jsonl,749,749,1780668000.7556086,2332.717253446579,2313.659013032913,2332388798734,,200000000,460800,1.388998031616211,True
/home/afetz/bas-prototype/logs/stage24_rf_stress_final_20260605T132014Z/video_rx.jsonl,750,750,1780668001.968129,2333.9297738075256,2314.87153339386,2333688406574,,200000000,460800,1.2125203609466553,True
/home/afetz/bas-prototype/logs/stage24_rf_stress_final_20260605T132014Z/video_rx.jsonl,751,751,1780668003.5308528,2335.4924976825714,2316.4342572689056,2335164639017,,200000000,460800,1.5627238750457764,True
/home/afetz/bas-prototype/logs/stage24_rf_stress_final_20260605T132014Z/video_rx.jsonl,752,752,1780668004.8316398,2336.7932846546173,2317.7350442409515,2336639353623,,200000000,460800,1.3007869720458984,True
/home/afetz/bas-prototype/logs/stage24_rf_stress_final_20260605T132014Z/video_rx.jsonl,753,753,1780668008.8260944,2340.787739276886,2321.72949886322,2338287553965,,200000000,460800,3.9944546222686768,True
/home/afetz/bas-prototype/logs/stage24_rf_stress_final_20260605T132014Z/video_rx.jsonl,754,754,1780668009.5209143,2341.4825592041016,2322.424318790436,2341415083710,,200000000,460800,0.6948199272155762,True
/home/afetz/bas-prototype/logs/stage24_rf_stress_final_20260605T132014Z/video_rx.jsonl,755,755,1780668010.647548,2342.6091928482056,2323.55095243454,2342455170626,,200000000,460800,1.126633644104004,True
/home/afetz/bas-prototype/logs/stage24_rf_stress_final_20260605T132014Z/video_rx.jsonl,756,756,1780668011.8675723,2343.829217195511,2324.770976781845,2343670031130,,200000000,460800,1.2200243473052979,True
/home/afetz/bas-prototype/logs/stage24_rf_stress_final_20260605T132014Z/video_rx.jsonl,757,757,1780668013.598249,2345.559893846512,2326.501653432846,2345231608491,,200000000,460800,1.7306766510009766,True
/home/afetz/bas-prototype/logs/stage24_rf_stress_final_20260605T132014Z/video_rx.jsonl,758,758,1780668015.2470102,2347.2086551189423,2328.1504147052765,2346880720920,,200000000,460800,1.64876127243042,True
/home/afetz/bas-prototype/logs/stage24_rf_stress_final_20260605T132014Z/video_rx.jsonl,759,759,1780668016.9816463,2348.9432911872864,2329.8850507736206,2348701898826,,200000000,460800,1.7346360683441162,True
/home/afetz/bas-prototype/logs/stage24_rf_stress_final_20260605T132014Z/video_rx.jsonl,760,760,1780668017.8458126,2349.807457447052,2330.7492170333862,2349739901143,,200000000,460800,0.864166259765625,True
/home/afetz/bas-prototype/logs/stage24_rf_stress_final_20260605T132014Z/video_rx.jsonl,761,761,1780668019.2352738,2351.1969187259674,2332.1386783123016,2351042289806,,200000000,460800,1.3894612789154053,True
/home/afetz/bas-prototype/logs/stage24_rf_stress_final_20260605T132014Z/video_rx.jsonl,762,762,1780668020.5369732,2352.4986181259155,2333.4403777122498,2352343246391,,200000000,460800,1.3016993999481201,True
/home/afetz/bas-prototype/logs/stage24_rf_stress_final_20260605T132014Z/video_rx.jsonl,763,763,1780668024.3581614,2356.3198063373566,2337.261565923691,2354252507802,,200000000,460800,3.82118821144104,True
/home/afetz/bas-prototype/logs/stage24_rf_stress_final_20260605T132014Z/video_rx.jsonl,764,764,1780668025.5758955,2357.537540435791,2338.4793000221252,2357291487741,,200000000,460800,1.2177340984344482,True
/home/afetz/bas-prototype/logs/stage24_rf_stress_final_20260605T132014Z/video_rx.jsonl,765,765,1780668026.6974773,2358.6591222286224,2339.6008818149567,2358504994351,,200000000,460800,1.121581792831421,True
/home/afetz/bas-prototype/logs/stage24_rf_stress_final_20260605T132014Z/video_rx.jsonl,766,766,1780668027.9975984,2359.959243297577,2340.901002883911,2359717573230,,200000000,460800,1.3001210689544678,True
/home/afetz/bas-prototype/logs/stage24_rf_stress_final_20260605T132014Z/video_rx.jsonl,767,767,1780668029.386577,2361.3482217788696,2342.289981365204,2360757553536,,200000000,460800,1.3889784812927246,True
/home/afetz/bas-prototype/logs/stage24_rf_stress_final_20260605T132014Z/video_rx.jsonl,768,768,1780668030.4275632,2362.3892080783844,2343.3309676647186,2362233183055,,200000000,460800,1.0409862995147705,True
/home/afetz/bas-prototype/logs/stage24_rf_stress_final_20260605T132014Z/video_rx.jsonl,769,769,1780668031.8218985,2363.7835433483124,2344.7253029346466,2363621792704,,200000000,460800,1.3943352699279785,True
/home/afetz/bas-prototype/logs/stage24_rf_stress_final_20260605T132014Z/video_rx.jsonl,770,770,1780668033.2030587,2365.164703607559,2346.1064631938934,2364836508868,,200000000,460800,1.3811602592468262,True
/home/afetz/bas-prototype/logs/stage24_rf_stress_final_20260605T132014Z/video_rx.jsonl,771,771,1780668034.5035799,2366.4652247428894,2347.4069843292236,2366311098425,,200000000,460800,1.3005211353302002,True
/home/afetz/bas-prototype/logs/stage24_rf_stress_final_20260605T132014Z/video_rx.jsonl,772,772,1780668035.8917153,2367.8533601760864,2348.7951197624207,2367697957213,,200000000,460800,1.3881354331970215,True
/home/afetz/bas-prototype/logs/stage24_rf_stress_final_20260605T132014Z/video_rx.jsonl,773,773,1780668039.6267054,2371.5883502960205,2352.5301098823547,2370563026455,,200000000,460800,3.734990119934082,True
/home/afetz/bas-prototype/logs/stage24_rf_stress_final_20260605T132014Z/video_rx.jsonl,774,774,1780668040.8413801,2372.803025007248,2353.744784593582,2372647002199,,200000000,460800,1.214674711227417,True
/home/afetz/bas-prototype/logs/stage24_rf_stress_final_20260605T132014Z/video_rx.jsonl,775,775,1780668041.967139,2373.928783893585,2354.8705434799194,2373774702901,,200000000,460800,1.1257588863372803,True
/home/afetz/bas-prototype/logs/stage24_rf_stress_final_20260605T132014Z/video_rx.jsonl,776,776,1780668043.182594,2375.144238948822,2356.0859985351562,2374989828469,,200000000,460800,1.2154550552368164,True
/home/afetz/bas-prototype/logs/stage24_rf_stress_final_20260605T132014Z/video_rx.jsonl,777,777,1780668044.3105786,2376.272223472595,2357.2139830589294,2376117407290,,200000000,460800,1.1279845237731934,True
/home/afetz/bas-prototype/logs/stage24_rf_stress_final_20260605T132014Z/video_rx.jsonl,778,778,1780668046.107318,2378.0689628124237,2359.010722398758,2377270838563,,200000000,460800,1.7967393398284912,True
/home/afetz/bas-prototype/logs/stage24_rf_stress_final_20260605T132014Z/video_rx.jsonl,779,779,1780668047.4040208,2379.3656656742096,2360.307425260544,2379113447346,,200000000,460800,1.2967028617858887,True
/home/afetz/bas-prototype/logs/stage24_rf_stress_final_20260605T132014Z/video_rx.jsonl,780,780,1780668048.721236,2380.6828808784485,2361.6246404647827,2380615652184,,200000000,460800,1.3172152042388916,True
/home/afetz/bas-prototype/logs/stage24_rf_stress_final_20260605T132014Z/video_rx.jsonl,781,781,1780668050.556077,2382.517721891403,2363.4594814777374,2382057278266,,200000000,460800,1.834841012954712,True
/home/afetz/bas-prototype/logs/stage24_rf_stress_final_20260605T132014Z/video_rx.jsonl,782,782,1780668052.921847,2384.8834919929504,2365.8252515792847,2383720730073,,200000000,460800,2.365770101547241,True
/home/afetz/bas-prototype/logs/stage24_rf_stress_final_20260605T132014Z/video_rx.jsonl,783,783,1780668056.7078936,2388.669538497925,2369.611298084259,2387565567695,,200000000,460800,3.7860465049743652,True
/home/afetz/bas-prototype/logs/stage24_rf_stress_final_20260605T132014Z/video_rx.jsonl,784,784,1780668057.546627,2389.508271932602,2370.450031518936,2389438912802,,200000000,460800,0.838733434677124,True
/home/afetz/bas-prototype/logs/stage24_rf_stress_final_20260605T132014Z/video_rx.jsonl,785,785,1780668059.2296574,2391.1913022994995,2372.1330618858337,2390804460215,,200000000,460800,1.683030366897583,True
/home/afetz/bas-prototype/logs/stage24_rf_stress_final_20260605T132014Z/video_rx.jsonl,786,786,1780668060.9415827,2392.9032275676727,2373.844987154007,2392512000542,,200000000,460800,1.7119252681732178,True
/home/afetz/bas-prototype/logs/stage24_rf_stress_final_20260605T132014Z/video_rx.jsonl,787,787,1780668062.571432,2394.5330770015717,2375.474836587906,2394245351434,,200000000,460800,1.6298494338989258,True
/home/afetz/bas-prototype/logs/stage24_rf_stress_final_20260605T132014Z/video_rx.jsonl,788,788,1780668066.5699792,2398.5316240787506,2379.473383665085,2398243161340,,200000000,460800,3.998547077178955,True
/home/afetz/bas-prototype/logs/stage24_rf_stress_final_20260605T132014Z/video_rx.jsonl,789,789,1780668068.4982755,2400.4599204063416,2381.401679992676,2399252120164,,200000000,460800,1.9282963275909424,True
/home/afetz/bas-prototype/logs/stage24_rf_stress_final_20260605T132014Z/video_rx.jsonl,790,790,1780668070.4471567,2402.4088015556335,2383.350561141968,2401078651972,,200000000,460800,1.9488811492919922,True
/home/afetz/bas-prototype/logs/stage24_rf_stress_final_20260605T132014Z/video_rx.jsonl,791,791,1780668072.6450005,2404.606645345688,2385.548404932022,2403150081747,,200000000,460800,2.1978437900543213,True
/home/afetz/bas-prototype/logs/stage24_rf_stress_final_20260605T132014Z/video_rx.jsonl,792,792,1780668077.0457158,2409.0073606967926,2389.949120283127,2406044316939,,200000000,460800,4.400715351104736,True
/home/afetz/bas-prototype/logs/stage24_rf_stress_final_20260605T132014Z/video_rx.jsonl,793,793,1780668079.2431648,2411.20480966568,2392.146569252014,2411021758841,,200000000,460800,2.197448968887329,True
/home/afetz/bas-prototype/logs/stage24_rf_stress_final_20260605T132014Z/video_rx.jsonl,794,794,1780668081.5589962,2413.5206410884857,2394.46240067482,2413105841299,,200000000,460800,2.315831422805786,True
/home/afetz/bas-prototype/logs/stage24_rf_stress_final_20260605T132014Z/video_rx.jsonl,795,795,1780668085.6090274,2417.570672273636,2398.51243185997,2417271463409,,200000000,460800,4.0500311851501465,True
/home/afetz/bas-prototype/logs/stage24_rf_stress_final_20260605T132014Z/video_rx.jsonl,796,796,1780668087.1123362,2419.0739810466766,2400.015740633011,2418081859840,,200000000,460800,1.5033087730407715,True
/home/afetz/bas-prototype/logs/stage24_rf_stress_final_20260605T132014Z/video_rx.jsonl,797,797,1780668088.6159303,2420.5775752067566,2401.519334793091,2420394692131,,200000000,460800,1.503594160079956,True
/home/afetz/bas-prototype/logs/stage24_rf_stress_final_20260605T132014Z/video_rx.jsonl,798,798,1780668090.353529,2422.3151738643646,2403.256933450699,2422131578636,,200000000,460800,1.7375986576080322,True
/home/afetz/bas-prototype/logs/stage24_rf_stress_final_20260605T132014Z/video_rx.jsonl,799,799,1780668092.3208792,2424.2825241088867,2405.224283695221,2423405256141,,200000000,460800,1.9673502445220947,True
/home/afetz/bas-prototype/logs/stage24_rf_stress_final_20260605T132014Z/video_rx.jsonl,800,800,1780668097.3014503,2429.263095140457,2410.2048547267914,2426067489489,,200000000,460800,4.980571031570435,True
/home/afetz/bas-prototype/logs/stage24_rf_stress_final_20260605T132014Z/video_rx.jsonl,801,801,1780668099.1528816,2431.1145265102386,2412.056286096573,2430352649757,,200000000,460800,1.8514313697814941,True
/home/afetz/bas-prototype/logs/stage24_rf_stress_final_20260605T132014Z/video_rx.jsonl,802,802,1780668102.8629346,2434.82457947731,2415.7663390636444,2433711217146,,200000000,460800,3.710052967071533,True
/home/afetz/bas-prototype/logs/stage24_rf_stress_final_20260605T132014Z/video_rx.jsonl,803,803,1780668104.247496,2436.209140777588,2417.150900363922,2435794847117,,200000000,460800,1.38456130027771,True
/home/afetz/bas-prototype/logs/stage24_rf_stress_final_20260605T132014Z/video_rx.jsonl,804,804,1780668108.5306613,2440.4923062324524,2421.4340658187866,2438802539506,,200000000,460800,4.283165454864502,True
/home/afetz/bas-prototype/logs/stage24_rf_stress_final_20260605T132014Z/video_rx.jsonl,805,805,1780668110.2724242,2442.234069108963,2423.1758286952972,2441118539100,,200000000,460800,1.7417628765106201,True
/home/afetz/bas-prototype/logs/stage24_rf_stress_final_20260605T132014Z/video_rx.jsonl,806,806,1780668112.4653754,2444.4270203113556,2425.36877989769,2442970288858,,200000000,460800,2.192951202392578,True
/home/afetz/bas-prototype/logs/stage24_rf_stress_final_20260605T132014Z/video_rx.jsonl,807,807,1780668114.0863793,2446.0480241775513,2426.9897837638855,2445518236172,,200000000,460800,1.6210038661956787,True
/home/afetz/bas-prototype/logs/stage24_rf_stress_final_20260605T132014Z/video_rx.jsonl,808,808,1780668119.0678637,2451.0295085906982,2431.9712681770325,2447486000069,,200000000,460800,4.981484413146973,True
/home/afetz/bas-prototype/logs/stage24_rf_stress_final_20260605T132014Z/video_rx.jsonl,809,809,1780668120.5709965,2452.5326414108276,2433.474400997162,2452349260246,,200000000,460800,1.5031328201293945,True
/home/afetz/bas-prototype/logs/stage24_rf_stress_final_20260605T132014Z/video_rx.jsonl,810,810,1780668122.189542,2454.151186943054,2435.0929465293884,2453506123908,,200000000,460800,1.6185455322265625,True
/home/afetz/bas-prototype/logs/stage24_rf_stress_final_20260605T132014Z/video_rx.jsonl,811,811,1780668123.8082159,2455.7698607444763,2436.7116203308105,2454662375623,,200000000,460800,1.6186738014221191,True
/home/afetz/bas-prototype/logs/stage24_rf_stress_final_20260605T132014Z/video_rx.jsonl,812,812,1780668125.3139083,2457.275553226471,2438.217312812805,2456976927566,,200000000,460800,1.505692481994629,True
/home/afetz/bas-prototype/logs/stage24_rf_stress_final_20260605T132014Z/video_rx.jsonl,813,813,1780668129.8311386,2461.792783498764,2442.7345430850983,2460219004151,,200000000,460800,4.517230272293091,True
/home/afetz/bas-prototype/logs/stage24_rf_stress_final_20260605T132014Z/video_rx.jsonl,814,814,1780668131.4506855,2463.412330389023,2444.354089975357,2462419021777,,200000000,460800,1.619546890258789,True
/home/afetz/bas-prototype/logs/stage24_rf_stress_final_20260605T132014Z/video_rx.jsonl,815,815,1780668132.8408566,2464.802501440048,2445.7442610263824,2464619405206,,200000000,460800,1.3901710510253906,True
/home/afetz/bas-prototype/logs/stage24_rf_stress_final_20260605T132014Z/video_rx.jsonl,816,816,1780668134.4617248,2466.4233696460724,2447.3651292324066,2465661361931,,200000000,460800,1.62086820602417,True
/home/afetz/bas-prototype/logs/stage24_rf_stress_final_20260605T132014Z/video_rx.jsonl,817,817,1780668139.3247745,2471.286419391632,2452.2281789779663,2468206881145,,200000000,460800,4.863049745559692,True
/home/afetz/bas-prototype/logs/stage24_rf_stress_final_20260605T132014Z/video_rx.jsonl,818,818,1780668140.832971,2472.794615983963,2453.7363755702972,2472030405209,,200000000,460800,1.5081965923309326,True
/home/afetz/bas-prototype/logs/stage24_rf_stress_final_20260605T132014Z/video_rx.jsonl,819,819,1780668141.9876757,2473.9493205547333,2454.8910801410675,2473881942512,,200000000,460800,1.1547045707702637,True
/home/afetz/bas-prototype/logs/stage24_rf_stress_final_20260605T132014Z/video_rx.jsonl,820,820,1780668143.7220898,2475.6837346553802,2456.6254942417145,2475038324493,,200000000,460800,1.7344141006469727,True
/home/afetz/bas-prototype/logs/stage24_rf_stress_final_20260605T132014Z/video_rx.jsonl,821,821,1780668146.0371692,2477.9988141059875,2458.940573692322,2476426563197,,200000000,460800,2.3150794506073,True
/home/afetz/bas-prototype/logs/stage24_rf_stress_final_20260605T132014Z/video_rx.jsonl,822,822,1780668148.2384615,2480.20010638237,2461.141865968704,2479785310030,,200000000,460800,2.2012922763824463,True
/home/afetz/bas-prototype/logs/stage24_rf_stress_final_20260605T132014Z/video_rx.jsonl,823,823,1780668150.4359915,2482.397636413574,2463.3393959999084,2480941549827,,200000000,460800,2.1975300312042236,True
/home/afetz/bas-prototype/logs/stage24_rf_stress_final_20260605T132014Z/video_rx.jsonl,824,824,1780668152.177073,2484.1387178897858,2465.08047747612,2483372182627,,200000000,460800,1.7410814762115479,True
/home/afetz/bas-prototype/logs/stage24_rf_stress_final_20260605T132014Z/video_rx.jsonl,825,825,1780668153.9067292,2485.868374109268,2466.8101336956024,2485454701549,,200000000,460800,1.7296562194824219,True
/home/afetz/bas-prototype/logs/stage24_rf_stress_final_20260605T132014Z/video_rx.jsonl,826,826,1780668156.1069074,2488.0685522556305,2469.0103118419647,2486958909862,,200000000,460800,2.2001781463623047,True
/home/afetz/bas-prototype/logs/stage24_rf_stress_final_20260605T132014Z/video_rx.jsonl,827,827,1780668161.0855129,2493.047157764435,2473.988917350769,2489852919005,,200000000,460800,4.978605508804321,True
/home/afetz/bas-prototype/logs/stage24_rf_stress_final_20260605T132014Z/video_rx.jsonl,828,828,1780668162.2402072,2494.201852083206,2475.1436116695404,2493443746711,,200000000,460800,1.1546943187713623,True
/home/afetz/bas-prototype/logs/stage24_rf_stress_final_20260605T132014Z/video_rx.jsonl,829,829,1780668163.74446,2495.70610499382,2476.6478645801544,2495175740386,,200000000,460800,1.5042529106140137,True
/home/afetz/bas-prototype/logs/stage24_rf_stress_final_20260605T132014Z/video_rx.jsonl,830,830,1780668165.368845,2497.330489873886,2478.2722494602203,2496333075363,,200000000,460800,1.624384880065918,True
/home/afetz/bas-prototype/logs/stage24_rf_stress_final_20260605T132014Z/video_rx.jsonl,831,831,1780668167.4491694,2499.4108142852783,2480.3525738716125,2498184927389,,200000000,460800,2.080324411392212,True
